Дата,Категория работ,"Запланированный простой, час","Межсервисная наработка, час",Наименование ЕО,Межсервисный интервал,Список форм с учетом поглащения,Кол-во дней между формами,Дата следующей формы
01.01.2023,ЕТО,0.66,24,Самосвал карьерный 785C №401,,,,
02.01.2023,ЕТО,0.66,24,Самосвал карьерный 785C №401,,,,
03.01.2023,ЕТО,0.66,24,Самосвал карьерный 785C №401,,,,
04.01.2023,ЕТО,0.66,24,Самосвал карьерный 785C №401,,,,
05.01.2023,ЕТО,0.66,24,Самосвал карьерный 785C №401,,,,
06.01.2023,ЕТО,0.66,24,Самосвал карьерный 785C №401,,,,
07.01.2023,ЕТО,0.66,24,Самосвал карьерный 785C №401,,,,
08.01.2023,ЕТО,0.66,24,Самосвал карьерный 785C №401,,,,
09.01.2023,ЕТО,0.66,24,Самосвал карьерный 785C №401,,,,
10.01.2023,ЕТО,0.66,24,Самосвал карьерный 785C №401,,,,
11.01.2023,ЕТО,0.66,24,Самосвал карьерный 785C №401,,,,
12.01.2023,ЕТО,0.66,24,Самосвал карьерный 785C №401,,,,
13.01.2023,ЕТО,0.66,24,Самосвал карьерный 785C №401,,,,
14.01.2023,ЕТО,0.66,24,Самосвал карьерный 785C №401,,,,
15.01.2023,ЕТО,0.66,24,Самосвал карьерный 785C №401,,,,
16.01.2023,ЕТО,0.66,24,Самосвал карьерный 785C №401,,,,
17.01.2023,ЕТО,0.66,24,Самосвал карьерный 785C №401,,,,
18.01.2023,ЕТО,0.66,24,Самосвал карьерный 785C №401,,,,
19.01.2023,ЕТО,0.66,24,Самосвал карьерный 785C №401,,,,
20.01.2023,ЕТО,0.66,24,Самосвал карьерный 785C №401,,,,
21.01.2023,ЕТО,0.66,24,Самосвал карьерный 785C №401,,,,
22.01.2023,ЕТО,0.66,24,Самосвал карьерный 785C №401,,,,
23.01.2023,ЕТО,0.66,24,Самосвал карьерный 785C №401,,,,
24.01.2023,ЕТО,0.66,24,Самосвал карьерный 785C №401,,,,
25.01.2023,ЕТО,0.66,24,Самосвал карьерный 785C №401,,,,
26.01.2023,ЕТО,0.66,24,Самосвал карьерный 785C №401,,,,
27.01.2023,ЕТО,0.66,24,Самосвал карьерный 785C №401,,,,
28.01.2023,ЕТО,0.66,24,Самосвал карьерный 785C №401,,,,
29.01.2023,ЕТО,0.66,24,Самосвал карьерный 785C №401,,,,
30.01.2023,ЕТО,0.66,24,Самосвал карьерный 785C №401,,,,
31.01.2023,ЕТО,0.66,24,Самосвал карьерный 785C №401,,,,
01.02.2023,ЕТО,0.66,24,Самосвал карьерный 785C №401,,,,
02.02.2023,ЕТО,0.66,24,Самосвал карьерный 785C №401,,,,
03.02.2023,ЕТО,0.66,24,Самосвал карьерный 785C №401,,,,
04.02.2023,ЕТО,0.66,24,Самосвал карьерный 785C №401,,,,
05.02.2023,ЕТО,0.66,24,Самосвал карьерный 785C №401,,,,
06.02.2023,ЕТО,0.66,24,Самосвал карьерный 785C №401,,,,
07.02.2023,ЕТО,0.66,24,Самосвал карьерный 785C №401,,,,
08.02.2023,ЕТО,0.66,24,Самосвал карьерный 785C №401,,,,
09.02.2023,ЕТО,0.66,24,Самосвал карьерный 785C №401,,,,
10.02.2023,ЕТО,0.66,24,Самосвал карьерный 785C №401,,,,
11.02.2023,ЕТО,0.66,24,Самосвал карьерный 785C №401,,,,
12.02.2023,ЕТО,0.66,24,Самосвал карьерный 785C №401,,,,
13.02.2023,ЕТО,0.66,24,Самосвал карьерный 785C №401,,,,
14.02.2023,ЕТО,0.66,24,Самосвал карьерный 785C №401,,,,
15.02.2023,ЕТО,0.66,24,Самосвал карьерный 785C №401,,,,
16.02.2023,ЕТО,0.66,24,Самосвал карьерный 785C №401,,,,
17.02.2023,ЕТО,0.66,24,Самосвал карьерный 785C №401,,,,
18.02.2023,ЕТО,0.66,24,Самосвал карьерный 785C №401,,,,
19.02.2023,ЕТО,0.66,24,Самосвал карьерный 785C №401,,,,
20.02.2023,ЕТО,0.66,24,Самосвал карьерный 785C №401,,,,
21.02.2023,ЕТО,0.66,24,Самосвал карьерный 785C №401,,,,
22.02.2023,ЕТО,0.66,24,Самосвал карьерный 785C №401,,,,
23.02.2023,ЕТО,0.66,24,Самосвал карьерный 785C №401,,,,
24.02.2023,ЕТО,0.66,24,Самосвал карьерный 785C №401,,,,
25.02.2023,ЕТО,0.66,24,Самосвал карьерный 785C №401,,,,
26.02.2023,ЕТО,0.66,24,Самосвал карьерный 785C №401,,,,
27.02.2023,ЕТО,0.66,24,Самосвал карьерный 785C №401,,,,
28.02.2023,ЕТО,0.66,24,Самосвал карьерный 785C №401,,,,
01.03.2023,ЕТО,0.66,24,Самосвал карьерный 785C №401,,,,
02.03.2023,ЕТО,0.66,24,Самосвал карьерный 785C №401,,,,
03.03.2023,ЕТО,0.66,24,Самосвал карьерный 785C №401,,,,
04.03.2023,ЕТО,0.66,24,Самосвал карьерный 785C №401,,,,
05.03.2023,ЕТО,0.66,24,Самосвал карьерный 785C №401,,,,
06.03.2023,ЕТО,0.66,24,Самосвал карьерный 785C №401,,,,
07.03.2023,ЕТО,0.66,24,Самосвал карьерный 785C №401,,,,
08.03.2023,ЕТО,0.66,24,Самосвал карьерный 785C №401,,,,
09.03.2023,ЕТО,0.66,24,Самосвал карьерный 785C №401,,,,
10.03.2023,ЕТО,0.66,24,Самосвал карьерный 785C №401,,,,
11.03.2023,ЕТО,0.66,24,Самосвал карьерный 785C №401,,,,
12.03.2023,ЕТО,0.66,24,Самосвал карьерный 785C №401,,,,
13.03.2023,ЕТО,0.66,24,Самосвал карьерный 785C №401,,,,
14.03.2023,ЕТО,0.66,24,Самосвал карьерный 785C №401,,,,
15.03.2023,ЕТО,0.66,24,Самосвал карьерный 785C №401,,,,
16.03.2023,ЕТО,0.66,24,Самосвал карьерный 785C №401,,,,
17.03.2023,ЕТО,0.66,24,Самосвал карьерный 785C №401,,,,
18.03.2023,ЕТО,0.66,24,Самосвал карьерный 785C №401,,,,
19.03.2023,ЕТО,0.66,24,Самосвал карьерный 785C №401,,,,
20.03.2023,ЕТО,0.66,24,Самосвал карьерный 785C №401,,,,
21.03.2023,ЕТО,0.66,24,Самосвал карьерный 785C №401,,,,
22.03.2023,ЕТО,0.66,24,Самосвал карьерный 785C №401,,,,
23.03.2023,ЕТО,0.66,24,Самосвал карьерный 785C №401,,,,
24.03.2023,ЕТО,0.66,24,Самосвал карьерный 785C №401,,,,
25.03.2023,ЕТО,0.66,24,Самосвал карьерный 785C №401,,,,
26.03.2023,ЕТО,0.66,24,Самосвал карьерный 785C №401,,,,
27.03.2023,ЕТО,0.66,24,Самосвал карьерный 785C №401,,,,
28.03.2023,ЕТО,0.66,24,Самосвал карьерный 785C №401,,,,
29.03.2023,ЕТО,0.66,24,Самосвал карьерный 785C №401,,,,
30.03.2023,ЕТО,0.66,24,Самосвал карьерный 785C №401,,,,
31.03.2023,ЕТО,0.66,24,Самосвал карьерный 785C №401,,,,
01.04.2023,ЕТО,0.66,24,Самосвал карьерный 785C №401,,,,
02.04.2023,ЕТО,0.66,24,Самосвал карьерный 785C №401,,,,
03.04.2023,ЕТО,0.66,24,Самосвал карьерный 785C №401,,,,
04.04.2023,ЕТО,0.66,24,Самосвал карьерный 785C №401,,,,
05.04.2023,ЕТО,0.66,24,Самосвал карьерный 785C №401,,,,
06.04.2023,ЕТО,0.66,24,Самосвал карьерный 785C №401,,,,
07.04.2023,ЕТО,0.66,24,Самосвал карьерный 785C №401,,,,
08.04.2023,ЕТО,0.66,24,Самосвал карьерный 785C №401,,,,
09.04.2023,ЕТО,0.66,24,Самосвал карьерный 785C №401,,,,
10.04.2023,ЕТО,0.66,24,Самосвал карьерный 785C №401,,,,
11.04.2023,ЕТО,0.66,24,Самосвал карьерный 785C №401,,,,
12.04.2023,ЕТО,0.66,24,Самосвал карьерный 785C №401,,,,
13.04.2023,ЕТО,0.66,24,Самосвал карьерный 785C №401,,,,
14.04.2023,ЕТО,0.66,24,Самосвал карьерный 785C №401,,,,
15.04.2023,ЕТО,0.66,24,Самосвал карьерный 785C №401,,,,
16.04.2023,ЕТО,0.66,24,Самосвал карьерный 785C №401,,,,
17.04.2023,ЕТО,0.66,24,Самосвал карьерный 785C №401,,,,
18.04.2023,ЕТО,0.66,24,Самосвал карьерный 785C №401,,,,
19.04.2023,ЕТО,0.66,24,Самосвал карьерный 785C №401,,,,
20.04.2023,ЕТО,0.66,24,Самосвал карьерный 785C №401,,,,
21.04.2023,ЕТО,0.66,24,Самосвал карьерный 785C №401,,,,
22.04.2023,ЕТО,0.66,24,Самосвал карьерный 785C №401,,,,
23.04.2023,ЕТО,0.66,24,Самосвал карьерный 785C №401,,,,
24.04.2023,ЕТО,0.66,24,Самосвал карьерный 785C №401,,,,
25.04.2023,ЕТО,0.66,24,Самосвал карьерный 785C №401,,,,
26.04.2023,ЕТО,0.66,24,Самосвал карьерный 785C №401,,,,
27.04.2023,ЕТО,0.66,24,Самосвал карьерный 785C №401,,,,
28.04.2023,ЕТО,0.66,24,Самосвал карьерный 785C №401,,,,
29.04.2023,ЕТО,0.66,24,Самосвал карьерный 785C №401,,,,
30.04.2023,ЕТО,0.66,24,Самосвал карьерный 785C №401,,,,
01.05.2023,ЕТО,0.66,24,Самосвал карьерный 785C №401,,,,
02.05.2023,ЕТО,0.66,24,Самосвал карьерный 785C №401,,,,
03.05.2023,ЕТО,0.66,24,Самосвал карьерный 785C №401,,,,
04.05.2023,ЕТО,0.66,24,Самосвал карьерный 785C №401,,,,
05.05.2023,ЕТО,0.66,24,Самосвал карьерный 785C №401,,,,
06.05.2023,ЕТО,0.66,24,Самосвал карьерный 785C №401,,,,
07.05.2023,ЕТО,0.66,24,Самосвал карьерный 785C №401,,,,
08.05.2023,ЕТО,0.66,24,Самосвал карьерный 785C №401,,,,
09.05.2023,ЕТО,0.66,24,Самосвал карьерный 785C №401,,,,
10.05.2023,ЕТО,0.66,24,Самосвал карьерный 785C №401,,,,
11.05.2023,ЕТО,0.66,24,Самосвал карьерный 785C №401,,,,
12.05.2023,ЕТО,0.66,24,Самосвал карьерный 785C №401,,,,
13.05.2023,ЕТО,0.66,24,Самосвал карьерный 785C №401,,,,
14.05.2023,ЕТО,0.66,24,Самосвал карьерный 785C №401,,,,
15.05.2023,ЕТО,0.66,24,Самосвал карьерный 785C №401,,,,
16.05.2023,ЕТО,0.66,24,Самосвал карьерный 785C №401,,,,
17.05.2023,ЕТО,0.66,24,Самосвал карьерный 785C №401,,,,
18.05.2023,ЕТО,0.66,24,Самосвал карьерный 785C №401,,,,
19.05.2023,ЕТО,0.66,24,Самосвал карьерный 785C №401,,,,
20.05.2023,ЕТО,0.66,24,Самосвал карьерный 785C №401,,,,
21.05.2023,ЕТО,0.66,24,Самосвал карьерный 785C №401,,,,
22.05.2023,ЕТО,0.66,24,Самосвал карьерный 785C №401,,,,
23.05.2023,ЕТО,0.66,24,Самосвал карьерный 785C №401,,,,
24.05.2023,ЕТО,0.66,24,Самосвал карьерный 785C №401,,,,
25.05.2023,ЕТО,0.66,24,Самосвал карьерный 785C №401,,,,
26.05.2023,ЕТО,0.66,24,Самосвал карьерный 785C №401,,,,
27.05.2023,ЕТО,0.66,24,Самосвал карьерный 785C №401,,,,
28.05.2023,ЕТО,0.66,24,Самосвал карьерный 785C №401,,,,
29.05.2023,ЕТО,0.66,24,Самосвал карьерный 785C №401,,,,
30.05.2023,ЕТО,0.66,24,Самосвал карьерный 785C №401,,,,
31.05.2023,ЕТО,0.66,24,Самосвал карьерный 785C №401,,,,
01.06.2023,ЕТО,0.66,24,Самосвал карьерный 785C №401,,,,
02.06.2023,ЕТО,0.66,24,Самосвал карьерный 785C №401,,,,
03.06.2023,ЕТО,0.66,24,Самосвал карьерный 785C №401,,,,
04.06.2023,ЕТО,0.66,24,Самосвал карьерный 785C №401,,,,
05.06.2023,ЕТО,0.66,24,Самосвал карьерный 785C №401,,,,
06.06.2023,ЕТО,0.66,24,Самосвал карьерный 785C №401,,,,
07.06.2023,ЕТО,0.66,24,Самосвал карьерный 785C №401,,,,
08.06.2023,ЕТО,0.66,24,Самосвал карьерный 785C №401,,,,
09.06.2023,ЕТО,0.66,24,Самосвал карьерный 785C №401,,,,
10.06.2023,ЕТО,0.66,24,Самосвал карьерный 785C №401,,,,
11.06.2023,ЕТО,0.66,24,Самосвал карьерный 785C №401,,,,
12.06.2023,ЕТО,0.66,24,Самосвал карьерный 785C №401,,,,
13.06.2023,ЕТО,0.66,24,Самосвал карьерный 785C №401,,,,
14.06.2023,ЕТО,0.66,24,Самосвал карьерный 785C №401,,,,
15.06.2023,ЕТО,0.66,24,Самосвал карьерный 785C №401,,,,
16.06.2023,ЕТО,0.66,24,Самосвал карьерный 785C №401,,,,
17.06.2023,ЕТО,0.66,24,Самосвал карьерный 785C №401,,,,
18.06.2023,ЕТО,0.66,24,Самосвал карьерный 785C №401,,,,
19.06.2023,ЕТО,0.66,24,Самосвал карьерный 785C №401,,,,
20.06.2023,ЕТО,0.66,24,Самосвал карьерный 785C №401,,,,
21.06.2023,ЕТО,0.66,24,Самосвал карьерный 785C №401,,,,
22.06.2023,ЕТО,0.66,24,Самосвал карьерный 785C №401,,,,
23.06.2023,ЕТО,0.66,24,Самосвал карьерный 785C №401,,,,
24.06.2023,ЕТО,0.66,24,Самосвал карьерный 785C №401,,,,
25.06.2023,ЕТО,0.66,24,Самосвал карьерный 785C №401,,,,
26.06.2023,ЕТО,0.66,24,Самосвал карьерный 785C №401,,,,
27.06.2023,ЕТО,0.66,24,Самосвал карьерный 785C №401,,,,
28.06.2023,ЕТО,0.66,24,Самосвал карьерный 785C №401,,,,
29.06.2023,ЕТО,0.66,24,Самосвал карьерный 785C №401,,,,
30.06.2023,ЕТО,0.66,24,Самосвал карьерный 785C №401,,,,
01.07.2023,ЕТО,0.66,24,Самосвал карьерный 785C №401,,,,
02.07.2023,ЕТО,0.66,24,Самосвал карьерный 785C №401,,,,
03.07.2023,ЕТО,0.66,24,Самосвал карьерный 785C №401,,,,
04.07.2023,ЕТО,0.66,24,Самосвал карьерный 785C №401,,,,
05.07.2023,ЕТО,0.66,24,Самосвал карьерный 785C №401,,,,
06.07.2023,ЕТО,0.66,24,Самосвал карьерный 785C №401,,,,
07.07.2023,ЕТО,0.66,24,Самосвал карьерный 785C №401,,,,
08.07.2023,ЕТО,0.66,24,Самосвал карьерный 785C №401,,,,
09.07.2023,ЕТО,0.66,24,Самосвал карьерный 785C №401,,,,
10.07.2023,ЕТО,0.66,24,Самосвал карьерный 785C №401,,,,
11.07.2023,ЕТО,0.66,24,Самосвал карьерный 785C №401,,,,
12.07.2023,ЕТО,0.66,24,Самосвал карьерный 785C №401,,,,
13.07.2023,ЕТО,0.66,24,Самосвал карьерный 785C №401,,,,
14.07.2023,ЕТО,0.66,24,Самосвал карьерный 785C №401,,,,
15.07.2023,ЕТО,0.66,24,Самосвал карьерный 785C №401,,,,
16.07.2023,ЕТО,0.66,24,Самосвал карьерный 785C №401,,,,
17.07.2023,ЕТО,0.66,24,Самосвал карьерный 785C №401,,,,
18.07.2023,ЕТО,0.66,24,Самосвал карьерный 785C №401,,,,
19.07.2023,ЕТО,0.66,24,Самосвал карьерный 785C №401,,,,
20.07.2023,ЕТО,0.66,24,Самосвал карьерный 785C №401,,,,
21.07.2023,ЕТО,0.66,24,Самосвал карьерный 785C №401,,,,
22.07.2023,ЕТО,0.66,24,Самосвал карьерный 785C №401,,,,
23.07.2023,ЕТО,0.66,24,Самосвал карьерный 785C №401,,,,
24.07.2023,ЕТО,0.66,24,Самосвал карьерный 785C №401,,,,
25.07.2023,ЕТО,0.66,24,Самосвал карьерный 785C №401,,,,
26.07.2023,ЕТО,0.66,24,Самосвал карьерный 785C №401,,,,
27.07.2023,ЕТО,0.66,24,Самосвал карьерный 785C №401,,,,
28.07.2023,ЕТО,0.66,24,Самосвал карьерный 785C №401,,,,
29.07.2023,ЕТО,0.66,24,Самосвал карьерный 785C №401,,,,
30.07.2023,ЕТО,0.66,24,Самосвал карьерный 785C №401,,,,
31.07.2023,ЕТО,0.66,24,Самосвал карьерный 785C №401,,,,
01.08.2023,ЕТО,0.66,24,Самосвал карьерный 785C №401,,,,
02.08.2023,ЕТО,0.66,24,Самосвал карьерный 785C №401,,,,
03.08.2023,ЕТО,0.66,24,Самосвал карьерный 785C №401,,,,
04.08.2023,ЕТО,0.66,24,Самосвал карьерный 785C №401,,,,
05.08.2023,ЕТО,0.66,24,Самосвал карьерный 785C №401,,,,
06.08.2023,ЕТО,0.66,24,Самосвал карьерный 785C №401,,,,
07.08.2023,ЕТО,0.66,24,Самосвал карьерный 785C №401,,,,
08.08.2023,ЕТО,0.66,24,Самосвал карьерный 785C №401,,,,
09.08.2023,ЕТО,0.66,24,Самосвал карьерный 785C №401,,,,
10.08.2023,ЕТО,0.66,24,Самосвал карьерный 785C №401,,,,
11.08.2023,ЕТО,0.66,24,Самосвал карьерный 785C №401,,,,
12.08.2023,ЕТО,0.66,24,Самосвал карьерный 785C №401,,,,
13.08.2023,ЕТО,0.66,24,Самосвал карьерный 785C №401,,,,
14.08.2023,ЕТО,0.66,24,Самосвал карьерный 785C №401,,,,
15.08.2023,ЕТО,0.66,24,Самосвал карьерный 785C №401,,,,
16.08.2023,ЕТО,0.66,24,Самосвал карьерный 785C №401,,,,
17.08.2023,ЕТО,0.66,24,Самосвал карьерный 785C №401,,,,
18.08.2023,ЕТО,0.66,24,Самосвал карьерный 785C №401,,,,
19.08.2023,ЕТО,0.66,24,Самосвал карьерный 785C №401,,,,
20.08.2023,ЕТО,0.66,24,Самосвал карьерный 785C №401,,,,
21.08.2023,ЕТО,0.66,24,Самосвал карьерный 785C №401,,,,
22.08.2023,ЕТО,0.66,24,Самосвал карьерный 785C №401,,,,
23.08.2023,ЕТО,0.66,24,Самосвал карьерный 785C №401,,,,
24.08.2023,ЕТО,0.66,24,Самосвал карьерный 785C №401,,,,
25.08.2023,ЕТО,0.66,24,Самосвал карьерный 785C №401,,,,
26.08.2023,ЕТО,0.66,24,Самосвал карьерный 785C №401,,,,
27.08.2023,ЕТО,0.66,24,Самосвал карьерный 785C №401,,,,
28.08.2023,ЕТО,0.66,24,Самосвал карьерный 785C №401,,,,
29.08.2023,ЕТО,0.66,24,Самосвал карьерный 785C №401,,,,
30.08.2023,ЕТО,0.66,24,Самосвал карьерный 785C №401,,,,
31.08.2023,ЕТО,0.66,24,Самосвал карьерный 785C №401,,,,
01.09.2023,ЕТО,0.66,24,Самосвал карьерный 785C №401,,,,
02.09.2023,ЕТО,0.66,24,Самосвал карьерный 785C №401,,,,
03.09.2023,ЕТО,0.66,24,Самосвал карьерный 785C №401,,,,
04.09.2023,ЕТО,0.66,24,Самосвал карьерный 785C №401,,,,
05.09.2023,ЕТО,0.66,24,Самосвал карьерный 785C №401,,,,
06.09.2023,ЕТО,0.66,24,Самосвал карьерный 785C №401,,,,
07.09.2023,ЕТО,0.66,24,Самосвал карьерный 785C №401,,,,
08.09.2023,ЕТО,0.66,24,Самосвал карьерный 785C №401,,,,
09.09.2023,ЕТО,0.66,24,Самосвал карьерный 785C №401,,,,
10.09.2023,ЕТО,0.66,24,Самосвал карьерный 785C №401,,,,
11.09.2023,ЕТО,0.66,24,Самосвал карьерный 785C №401,,,,
12.09.2023,ЕТО,0.66,24,Самосвал карьерный 785C №401,,,,
13.09.2023,ЕТО,0.66,24,Самосвал карьерный 785C №401,,,,
14.09.2023,ЕТО,0.66,24,Самосвал карьерный 785C №401,,,,
15.09.2023,ЕТО,0.66,24,Самосвал карьерный 785C №401,,,,
16.09.2023,ЕТО,0.66,24,Самосвал карьерный 785C №401,,,,
17.09.2023,ЕТО,0.66,24,Самосвал карьерный 785C №401,,,,
18.09.2023,ЕТО,0.66,24,Самосвал карьерный 785C №401,,,,
19.09.2023,ЕТО,0.66,24,Самосвал карьерный 785C №401,,,,
20.09.2023,ЕТО,0.66,24,Самосвал карьерный 785C №401,,,,
21.09.2023,ЕТО,0.66,24,Самосвал карьерный 785C №401,,,,
22.09.2023,ЕТО,0.66,24,Самосвал карьерный 785C №401,,,,
23.09.2023,ЕТО,0.66,24,Самосвал карьерный 785C №401,,,,
24.09.2023,ЕТО,0.66,24,Самосвал карьерный 785C №401,,,,
25.09.2023,ЕТО,0.66,24,Самосвал карьерный 785C №401,,,,
26.09.2023,ЕТО,0.66,24,Самосвал карьерный 785C №401,,,,
27.09.2023,ЕТО,0.66,24,Самосвал карьерный 785C №401,,,,
28.09.2023,ЕТО,0.66,24,Самосвал карьерный 785C №401,,,,
29.09.2023,ЕТО,0.66,24,Самосвал карьерный 785C №401,,,,
30.09.2023,ЕТО,0.66,24,Самосвал карьерный 785C №401,,,,
01.10.2023,ЕТО,0.66,24,Самосвал карьерный 785C №401,,,,
02.10.2023,ЕТО,0.66,24,Самосвал карьерный 785C №401,,,,
03.10.2023,ЕТО,0.66,24,Самосвал карьерный 785C №401,,,,
04.10.2023,ЕТО,0.66,24,Самосвал карьерный 785C №401,,,,
05.10.2023,ЕТО,0.66,24,Самосвал карьерный 785C №401,,,,
06.10.2023,ЕТО,0.66,24,Самосвал карьерный 785C №401,,,,
07.10.2023,ЕТО,0.66,24,Самосвал карьерный 785C №401,,,,
08.10.2023,ЕТО,0.66,24,Самосвал карьерный 785C №401,,,,
09.10.2023,ЕТО,0.66,24,Самосвал карьерный 785C №401,,,,
10.10.2023,ЕТО,0.66,24,Самосвал карьерный 785C №401,,,,
11.10.2023,ЕТО,0.66,24,Самосвал карьерный 785C №401,,,,
12.10.2023,ЕТО,0.66,24,Самосвал карьерный 785C №401,,,,
13.10.2023,ЕТО,0.66,24,Самосвал карьерный 785C №401,,,,
14.10.2023,ЕТО,0.66,24,Самосвал карьерный 785C №401,,,,
15.10.2023,ЕТО,0.66,24,Самосвал карьерный 785C №401,,,,
16.10.2023,ЕТО,0.66,24,Самосвал карьерный 785C №401,,,,
17.10.2023,ЕТО,0.66,24,Самосвал карьерный 785C №401,,,,
18.10.2023,ЕТО,0.66,24,Самосвал карьерный 785C №401,,,,
19.10.2023,ЕТО,0.66,24,Самосвал карьерный 785C №401,,,,
20.10.2023,ЕТО,0.66,24,Самосвал карьерный 785C №401,,,,
21.10.2023,ЕТО,0.66,24,Самосвал карьерный 785C №401,,,,
22.10.2023,ЕТО,0.66,24,Самосвал карьерный 785C №401,,,,
23.10.2023,ЕТО,0.66,24,Самосвал карьерный 785C №401,,,,
24.10.2023,ЕТО,0.66,24,Самосвал карьерный 785C №401,,,,
25.10.2023,ЕТО,0.66,24,Самосвал карьерный 785C №401,,,,
26.10.2023,ЕТО,0.66,24,Самосвал карьерный 785C №401,,,,
27.10.2023,ЕТО,0.66,24,Самосвал карьерный 785C №401,,,,
28.10.2023,ЕТО,0.66,24,Самосвал карьерный 785C №401,,,,
29.10.2023,ЕТО,0.66,24,Самосвал карьерный 785C №401,,,,
30.10.2023,ЕТО,0.66,24,Самосвал карьерный 785C №401,,,,
31.10.2023,ЕТО,0.66,24,Самосвал карьерный 785C №401,,,,
01.11.2023,ЕТО,0.66,24,Самосвал карьерный 785C №401,,,,
02.11.2023,ЕТО,0.66,24,Самосвал карьерный 785C №401,,,,
03.11.2023,ЕТО,0.66,24,Самосвал карьерный 785C №401,,,,
04.11.2023,ЕТО,0.66,24,Самосвал карьерный 785C №401,,,,
05.11.2023,ЕТО,0.66,24,Самосвал карьерный 785C №401,,,,
06.11.2023,ЕТО,0.66,24,Самосвал карьерный 785C №401,,,,
07.11.2023,ЕТО,0.66,24,Самосвал карьерный 785C №401,,,,
08.11.2023,ЕТО,0.66,24,Самосвал карьерный 785C №401,,,,
09.11.2023,ЕТО,0.66,24,Самосвал карьерный 785C №401,,,,
10.11.2023,ЕТО,0.66,24,Самосвал карьерный 785C №401,,,,
11.11.2023,ЕТО,0.66,24,Самосвал карьерный 785C №401,,,,
12.11.2023,ЕТО,0.66,24,Самосвал карьерный 785C №401,,,,
13.11.2023,ЕТО,0.66,24,Самосвал карьерный 785C №401,,,,
14.11.2023,ЕТО,0.66,24,Самосвал карьерный 785C №401,,,,
15.11.2023,ЕТО,0.66,24,Самосвал карьерный 785C №401,,,,
16.11.2023,ЕТО,0.66,24,Самосвал карьерный 785C №401,,,,
17.11.2023,ЕТО,0.66,24,Самосвал карьерный 785C №401,,,,
18.11.2023,ЕТО,0.66,24,Самосвал карьерный 785C №401,,,,
19.11.2023,ЕТО,0.66,24,Самосвал карьерный 785C №401,,,,
20.11.2023,ЕТО,0.66,24,Самосвал карьерный 785C №401,,,,
21.11.2023,ЕТО,0.66,24,Самосвал карьерный 785C №401,,,,
22.11.2023,ЕТО,0.66,24,Самосвал карьерный 785C №401,,,,
23.11.2023,ЕТО,0.66,24,Самосвал карьерный 785C №401,,,,
24.11.2023,ЕТО,0.66,24,Самосвал карьерный 785C №401,,,,
25.11.2023,ЕТО,0.66,24,Самосвал карьерный 785C №401,,,,
26.11.2023,ЕТО,0.66,24,Самосвал карьерный 785C №401,,,,
27.11.2023,ЕТО,0.66,24,Самосвал карьерный 785C №401,,,,
28.11.2023,ЕТО,0.66,24,Самосвал карьерный 785C №401,,,,
29.11.2023,ЕТО,0.66,24,Самосвал карьерный 785C №401,,,,
30.11.2023,ЕТО,0.66,24,Самосвал карьерный 785C №401,,,,
01.12.2023,ЕТО,0.66,24,Самосвал карьерный 785C №401,,,,
02.12.2023,ЕТО,0.66,24,Самосвал карьерный 785C №401,,,,
03.12.2023,ЕТО,0.66,24,Самосвал карьерный 785C №401,,,,
04.12.2023,ЕТО,0.66,24,Самосвал карьерный 785C №401,,,,
05.12.2023,ЕТО,0.66,24,Самосвал карьерный 785C №401,,,,
06.12.2023,ЕТО,0.66,24,Самосвал карьерный 785C №401,,,,
07.12.2023,ЕТО,0.66,24,Самосвал карьерный 785C №401,,,,
08.12.2023,ЕТО,0.66,24,Самосвал карьерный 785C №401,,,,
09.12.2023,ЕТО,0.66,24,Самосвал карьерный 785C №401,,,,
10.12.2023,ЕТО,0.66,24,Самосвал карьерный 785C №401,,,,
11.12.2023,ЕТО,0.66,24,Самосвал карьерный 785C №401,,,,
12.12.2023,ЕТО,0.66,24,Самосвал карьерный 785C №401,,,,
13.12.2023,ЕТО,0.66,24,Самосвал карьерный 785C №401,,,,
14.12.2023,ЕТО,0.66,24,Самосвал карьерный 785C №401,,,,
15.12.2023,ЕТО,0.66,24,Самосвал карьерный 785C №401,,,,
16.12.2023,ЕТО,0.66,24,Самосвал карьерный 785C №401,,,,
17.12.2023,ЕТО,0.66,24,Самосвал карьерный 785C №401,,,,
18.12.2023,ЕТО,0.66,24,Самосвал карьерный 785C №401,,,,
19.12.2023,ЕТО,0.66,24,Самосвал карьерный 785C №401,,,,
20.12.2023,ЕТО,0.66,24,Самосвал карьерный 785C №401,,,,
21.12.2023,ЕТО,0.66,24,Самосвал карьерный 785C №401,,,,
22.12.2023,ЕТО,0.66,24,Самосвал карьерный 785C №401,,,,
23.12.2023,ЕТО,0.66,24,Самосвал карьерный 785C №401,,,,
24.12.2023,ЕТО,0.66,24,Самосвал карьерный 785C №401,,,,
25.12.2023,ЕТО,0.66,24,Самосвал карьерный 785C №401,,,,
26.12.2023,ЕТО,0.66,24,Самосвал карьерный 785C №401,,,,
27.12.2023,ЕТО,0.66,24,Самосвал карьерный 785C №401,,,,
28.12.2023,ЕТО,0.66,24,Самосвал карьерный 785C №401,,,,
29.12.2023,ЕТО,0.66,24,Самосвал карьерный 785C №401,,,,
30.12.2023,ЕТО,0.66,24,Самосвал карьерный 785C №401,,,,
31.12.2023,ЕТО,0.66,24,Самосвал карьерный 785C №401,,,,
01.01.2024,ЕТО,0.66,24,Самосвал карьерный 785C №401,,,,
02.01.2024,ЕТО,0.66,24,Самосвал карьерный 785C №401,,,,
03.01.2024,ЕТО,0.66,24,Самосвал карьерный 785C №401,,,,
04.01.2024,ЕТО,0.66,24,Самосвал карьерный 785C №401,,,,
05.01.2024,ЕТО,0.66,24,Самосвал карьерный 785C №401,,,,
06.01.2024,ЕТО,0.66,24,Самосвал карьерный 785C №401,,,,
07.01.2024,ЕТО,0.66,24,Самосвал карьерный 785C №401,,,,
08.01.2024,ЕТО,0.66,24,Самосвал карьерный 785C №401,,,,
09.01.2024,ЕТО,0.66,24,Самосвал карьерный 785C №401,,,,
10.01.2024,ЕТО,0.66,24,Самосвал карьерный 785C №401,,,,
11.01.2024,ЕТО,0.66,24,Самосвал карьерный 785C №401,,,,
12.01.2024,ЕТО,0.66,24,Самосвал карьерный 785C №401,,,,
13.01.2024,ЕТО,0.66,24,Самосвал карьерный 785C №401,,,,
14.01.2024,ЕТО,0.66,24,Самосвал карьерный 785C №401,,,,
15.01.2024,ЕТО,0.66,24,Самосвал карьерный 785C №401,,,,
16.01.2024,ЕТО,0.66,24,Самосвал карьерный 785C №401,,,,
17.01.2024,ЕТО,0.66,24,Самосвал карьерный 785C №401,,,,
18.01.2024,ЕТО,0.66,24,Самосвал карьерный 785C №401,,,,
19.01.2024,ЕТО,0.66,24,Самосвал карьерный 785C №401,,,,
20.01.2024,ЕТО,0.66,24,Самосвал карьерный 785C №401,,,,
21.01.2024,ЕТО,0.66,24,Самосвал карьерный 785C №401,,,,
22.01.2024,ЕТО,0.66,24,Самосвал карьерный 785C №401,,,,
23.01.2024,ЕТО,0.66,24,Самосвал карьерный 785C №401,,,,
24.01.2024,ЕТО,0.66,24,Самосвал карьерный 785C №401,,,,
25.01.2024,ЕТО,0.66,24,Самосвал карьерный 785C №401,,,,
26.01.2024,ЕТО,0.66,24,Самосвал карьерный 785C №401,,,,
27.01.2024,ЕТО,0.66,24,Самосвал карьерный 785C №401,,,,
28.01.2024,ЕТО,0.66,24,Самосвал карьерный 785C №401,,,,
29.01.2024,ЕТО,0.66,24,Самосвал карьерный 785C №401,,,,
30.01.2024,ЕТО,0.66,24,Самосвал карьерный 785C №401,,,,
31.01.2024,ЕТО,0.66,24,Самосвал карьерный 785C №401,,,,
01.02.2024,ЕТО,0.66,24,Самосвал карьерный 785C №401,,,,
02.02.2024,ЕТО,0.66,24,Самосвал карьерный 785C №401,,,,
03.02.2024,ЕТО,0.66,24,Самосвал карьерный 785C №401,,,,
04.02.2024,ЕТО,0.66,24,Самосвал карьерный 785C №401,,,,
05.02.2024,ЕТО,0.66,24,Самосвал карьерный 785C №401,,,,
06.02.2024,ЕТО,0.66,24,Самосвал карьерный 785C №401,,,,
07.02.2024,ЕТО,0.66,24,Самосвал карьерный 785C №401,,,,
08.02.2024,ЕТО,0.66,24,Самосвал карьерный 785C №401,,,,
09.02.2024,ЕТО,0.66,24,Самосвал карьерный 785C №401,,,,
10.02.2024,ЕТО,0.66,24,Самосвал карьерный 785C №401,,,,
11.02.2024,ЕТО,0.66,24,Самосвал карьерный 785C №401,,,,
12.02.2024,ЕТО,0.66,24,Самосвал карьерный 785C №401,,,,
13.02.2024,ЕТО,0.66,24,Самосвал карьерный 785C №401,,,,
14.02.2024,ЕТО,0.66,24,Самосвал карьерный 785C №401,,,,
15.02.2024,ЕТО,0.66,24,Самосвал карьерный 785C №401,,,,
16.02.2024,ЕТО,0.66,24,Самосвал карьерный 785C №401,,,,
17.02.2024,ЕТО,0.66,24,Самосвал карьерный 785C №401,,,,
18.02.2024,ЕТО,0.66,24,Самосвал карьерный 785C №401,,,,
19.02.2024,ЕТО,0.66,24,Самосвал карьерный 785C №401,,,,
20.02.2024,ЕТО,0.66,24,Самосвал карьерный 785C №401,,,,
21.02.2024,ЕТО,0.66,24,Самосвал карьерный 785C №401,,,,
22.02.2024,ЕТО,0.66,24,Самосвал карьерный 785C №401,,,,
23.02.2024,ЕТО,0.66,24,Самосвал карьерный 785C №401,,,,
24.02.2024,ЕТО,0.66,24,Самосвал карьерный 785C №401,,,,
25.02.2024,ЕТО,0.66,24,Самосвал карьерный 785C №401,,,,
26.02.2024,ЕТО,0.66,24,Самосвал карьерный 785C №401,,,,
27.02.2024,ЕТО,0.66,24,Самосвал карьерный 785C №401,,,,
28.02.2024,ЕТО,0.66,24,Самосвал карьерный 785C №401,,,,
29.02.2024,ЕТО,0.66,24,Самосвал карьерный 785C №401,,,,
01.03.2024,ЕТО,0.66,24,Самосвал карьерный 785C №401,,,,
02.03.2024,ЕТО,0.66,24,Самосвал карьерный 785C №401,,,,
03.03.2024,ЕТО,0.66,24,Самосвал карьерный 785C №401,,,,
04.03.2024,ЕТО,0.66,24,Самосвал карьерный 785C №401,,,,
05.03.2024,ЕТО,0.66,24,Самосвал карьерный 785C №401,,,,
06.03.2024,ЕТО,0.66,24,Самосвал карьерный 785C №401,,,,
07.03.2024,ЕТО,0.66,24,Самосвал карьерный 785C №401,,,,
08.03.2024,ЕТО,0.66,24,Самосвал карьерный 785C №401,,,,
09.03.2024,ЕТО,0.66,24,Самосвал карьерный 785C №401,,,,
10.03.2024,ЕТО,0.66,24,Самосвал карьерный 785C №401,,,,
11.03.2024,ЕТО,0.66,24,Самосвал карьерный 785C №401,,,,
12.03.2024,ЕТО,0.66,24,Самосвал карьерный 785C №401,,,,
13.03.2024,ЕТО,0.66,24,Самосвал карьерный 785C №401,,,,
14.03.2024,ЕТО,0.66,24,Самосвал карьерный 785C №401,,,,
15.03.2024,ЕТО,0.66,24,Самосвал карьерный 785C №401,,,,
16.03.2024,ЕТО,0.66,24,Самосвал карьерный 785C №401,,,,
17.03.2024,ЕТО,0.66,24,Самосвал карьерный 785C №401,,,,
18.03.2024,ЕТО,0.66,24,Самосвал карьерный 785C №401,,,,
19.03.2024,ЕТО,0.66,24,Самосвал карьерный 785C №401,,,,
20.03.2024,ЕТО,0.66,24,Самосвал карьерный 785C №401,,,,
21.03.2024,ЕТО,0.66,24,Самосвал карьерный 785C №401,,,,
22.03.2024,ЕТО,0.66,24,Самосвал карьерный 785C №401,,,,
23.03.2024,ЕТО,0.66,24,Самосвал карьерный 785C №401,,,,
24.03.2024,ЕТО,0.66,24,Самосвал карьерный 785C №401,,,,
25.03.2024,ЕТО,0.66,24,Самосвал карьерный 785C №401,,,,
26.03.2024,ЕТО,0.66,24,Самосвал карьерный 785C №401,,,,
27.03.2024,ЕТО,0.66,24,Самосвал карьерный 785C №401,,,,
28.03.2024,ЕТО,0.66,24,Самосвал карьерный 785C №401,,,,
29.03.2024,ЕТО,0.66,24,Самосвал карьерный 785C №401,,,,
30.03.2024,ЕТО,0.66,24,Самосвал карьерный 785C №401,,,,
31.03.2024,ЕТО,0.66,24,Самосвал карьерный 785C №401,,,,
01.04.2024,ЕТО,0.66,24,Самосвал карьерный 785C №401,,,,
02.04.2024,ЕТО,0.66,24,Самосвал карьерный 785C №401,,,,
03.04.2024,ЕТО,0.66,24,Самосвал карьерный 785C №401,,,,
04.04.2024,ЕТО,0.66,24,Самосвал карьерный 785C №401,,,,
05.04.2024,ЕТО,0.66,24,Самосвал карьерный 785C №401,,,,
06.04.2024,ЕТО,0.66,24,Самосвал карьерный 785C №401,,,,
07.04.2024,ЕТО,0.66,24,Самосвал карьерный 785C №401,,,,
08.04.2024,ЕТО,0.66,24,Самосвал карьерный 785C №401,,,,
09.04.2024,ЕТО,0.66,24,Самосвал карьерный 785C №401,,,,
10.04.2024,ЕТО,0.66,24,Самосвал карьерный 785C №401,,,,
11.04.2024,ЕТО,0.66,24,Самосвал карьерный 785C №401,,,,
12.04.2024,ЕТО,0.66,24,Самосвал карьерный 785C №401,,,,
13.04.2024,ЕТО,0.66,24,Самосвал карьерный 785C №401,,,,
14.04.2024,ЕТО,0.66,24,Самосвал карьерный 785C №401,,,,
15.04.2024,ЕТО,0.66,24,Самосвал карьерный 785C №401,,,,
16.04.2024,ЕТО,0.66,24,Самосвал карьерный 785C №401,,,,
17.04.2024,ЕТО,0.66,24,Самосвал карьерный 785C №401,,,,
18.04.2024,ЕТО,0.66,24,Самосвал карьерный 785C №401,,,,
19.04.2024,ЕТО,0.66,24,Самосвал карьерный 785C №401,,,,
20.04.2024,ЕТО,0.66,24,Самосвал карьерный 785C №401,,,,
21.04.2024,ЕТО,0.66,24,Самосвал карьерный 785C №401,,,,
22.04.2024,ЕТО,0.66,24,Самосвал карьерный 785C №401,,,,
23.04.2024,ЕТО,0.66,24,Самосвал карьерный 785C №401,,,,
24.04.2024,ЕТО,0.66,24,Самосвал карьерный 785C №401,,,,
25.04.2024,ЕТО,0.66,24,Самосвал карьерный 785C №401,,,,
26.04.2024,ЕТО,0.66,24,Самосвал карьерный 785C №401,,,,
27.04.2024,ЕТО,0.66,24,Самосвал карьерный 785C №401,,,,
28.04.2024,ЕТО,0.66,24,Самосвал карьерный 785C №401,,,,
29.04.2024,ЕТО,0.66,24,Самосвал карьерный 785C №401,,,,
30.04.2024,ЕТО,0.66,24,Самосвал карьерный 785C №401,,,,
01.05.2024,ЕТО,0.66,24,Самосвал карьерный 785C №401,,,,
02.05.2024,ЕТО,0.66,24,Самосвал карьерный 785C №401,,,,
03.05.2024,ЕТО,0.66,24,Самосвал карьерный 785C №401,,,,
04.05.2024,ЕТО,0.66,24,Самосвал карьерный 785C №401,,,,
05.05.2024,ЕТО,0.66,24,Самосвал карьерный 785C №401,,,,
06.05.2024,ЕТО,0.66,24,Самосвал карьерный 785C №401,,,,
07.05.2024,ЕТО,0.66,24,Самосвал карьерный 785C №401,,,,
08.05.2024,ЕТО,0.66,24,Самосвал карьерный 785C №401,,,,
09.05.2024,ЕТО,0.66,24,Самосвал карьерный 785C №401,,,,
10.05.2024,ЕТО,0.66,24,Самосвал карьерный 785C №401,,,,
11.05.2024,ЕТО,0.66,24,Самосвал карьерный 785C №401,,,,
12.05.2024,ЕТО,0.66,24,Самосвал карьерный 785C №401,,,,
13.05.2024,ЕТО,0.66,24,Самосвал карьерный 785C №401,,,,
14.05.2024,ЕТО,0.66,24,Самосвал карьерный 785C №401,,,,
15.05.2024,ЕТО,0.66,24,Самосвал карьерный 785C №401,,,,
16.05.2024,ЕТО,0.66,24,Самосвал карьерный 785C №401,,,,
17.05.2024,ЕТО,0.66,24,Самосвал карьерный 785C №401,,,,
18.05.2024,ЕТО,0.66,24,Самосвал карьерный 785C №401,,,,
19.05.2024,ЕТО,0.66,24,Самосвал карьерный 785C №401,,,,
20.05.2024,ЕТО,0.66,24,Самосвал карьерный 785C №401,,,,
21.05.2024,ЕТО,0.66,24,Самосвал карьерный 785C №401,,,,
22.05.2024,ЕТО,0.66,24,Самосвал карьерный 785C №401,,,,
23.05.2024,ЕТО,0.66,24,Самосвал карьерный 785C №401,,,,
24.05.2024,ЕТО,0.66,24,Самосвал карьерный 785C №401,,,,
25.05.2024,ЕТО,0.66,24,Самосвал карьерный 785C №401,,,,
26.05.2024,ЕТО,0.66,24,Самосвал карьерный 785C №401,,,,
27.05.2024,ЕТО,0.66,24,Самосвал карьерный 785C №401,,,,
28.05.2024,ЕТО,0.66,24,Самосвал карьерный 785C №401,,,,
29.05.2024,ЕТО,0.66,24,Самосвал карьерный 785C №401,,,,
30.05.2024,ЕТО,0.66,24,Самосвал карьерный 785C №401,,,,
31.05.2024,ЕТО,0.66,24,Самосвал карьерный 785C №401,,,,
01.06.2024,ЕТО,0.66,24,Самосвал карьерный 785C №401,,,,
02.06.2024,ЕТО,0.66,24,Самосвал карьерный 785C №401,,,,
03.06.2024,ЕТО,0.66,24,Самосвал карьерный 785C №401,,,,
04.06.2024,ЕТО,0.66,24,Самосвал карьерный 785C №401,,,,
05.06.2024,ЕТО,0.66,24,Самосвал карьерный 785C №401,,,,
06.06.2024,ЕТО,0.66,24,Самосвал карьерный 785C №401,,,,
07.06.2024,ЕТО,0.66,24,Самосвал карьерный 785C №401,,,,
08.06.2024,ЕТО,0.66,24,Самосвал карьерный 785C №401,,,,
09.06.2024,ЕТО,0.66,24,Самосвал карьерный 785C №401,,,,
10.06.2024,ЕТО,0.66,24,Самосвал карьерный 785C №401,,,,
11.06.2024,ЕТО,0.66,24,Самосвал карьерный 785C №401,,,,
12.06.2024,ЕТО,0.66,24,Самосвал карьерный 785C №401,,,,
13.06.2024,ЕТО,0.66,24,Самосвал карьерный 785C №401,,,,
14.06.2024,ЕТО,0.66,24,Самосвал карьерный 785C №401,,,,
15.06.2024,ЕТО,0.66,24,Самосвал карьерный 785C №401,,,,
16.06.2024,ЕТО,0.66,24,Самосвал карьерный 785C №401,,,,
17.06.2024,ЕТО,0.66,24,Самосвал карьерный 785C №401,,,,
18.06.2024,ЕТО,0.66,24,Самосвал карьерный 785C №401,,,,
19.06.2024,ЕТО,0.66,24,Самосвал карьерный 785C №401,,,,
20.06.2024,ЕТО,0.66,24,Самосвал карьерный 785C №401,,,,
21.06.2024,ЕТО,0.66,24,Самосвал карьерный 785C №401,,,,
22.06.2024,ЕТО,0.66,24,Самосвал карьерный 785C №401,,,,
23.06.2024,ЕТО,0.66,24,Самосвал карьерный 785C №401,,,,
24.06.2024,ЕТО,0.66,24,Самосвал карьерный 785C №401,,,,
25.06.2024,ЕТО,0.66,24,Самосвал карьерный 785C №401,,,,
26.06.2024,ЕТО,0.66,24,Самосвал карьерный 785C №401,,,,
27.06.2024,ЕТО,0.66,24,Самосвал карьерный 785C №401,,,,
28.06.2024,ЕТО,0.66,24,Самосвал карьерный 785C №401,,,,
29.06.2024,ЕТО,0.66,24,Самосвал карьерный 785C №401,,,,
30.06.2024,ЕТО,0.66,24,Самосвал карьерный 785C №401,,,,
01.07.2024,ЕТО,0.66,24,Самосвал карьерный 785C №401,,,,
02.07.2024,ЕТО,0.66,24,Самосвал карьерный 785C №401,,,,
03.07.2024,ЕТО,0.66,24,Самосвал карьерный 785C №401,,,,
04.07.2024,ЕТО,0.66,24,Самосвал карьерный 785C №401,,,,
05.07.2024,ЕТО,0.66,24,Самосвал карьерный 785C №401,,,,
06.07.2024,ЕТО,0.66,24,Самосвал карьерный 785C №401,,,,
07.07.2024,ЕТО,0.66,24,Самосвал карьерный 785C №401,,,,
08.07.2024,ЕТО,0.66,24,Самосвал карьерный 785C №401,,,,
09.07.2024,ЕТО,0.66,24,Самосвал карьерный 785C №401,,,,
10.07.2024,ЕТО,0.66,24,Самосвал карьерный 785C №401,,,,
11.07.2024,ЕТО,0.66,24,Самосвал карьерный 785C №401,,,,
12.07.2024,ЕТО,0.66,24,Самосвал карьерный 785C №401,,,,
13.07.2024,ЕТО,0.66,24,Самосвал карьерный 785C №401,,,,
14.07.2024,ЕТО,0.66,24,Самосвал карьерный 785C №401,,,,
15.07.2024,ЕТО,0.66,24,Самосвал карьерный 785C №401,,,,
16.07.2024,ЕТО,0.66,24,Самосвал карьерный 785C №401,,,,
17.07.2024,ЕТО,0.66,24,Самосвал карьерный 785C №401,,,,
18.07.2024,ЕТО,0.66,24,Самосвал карьерный 785C №401,,,,
19.07.2024,ЕТО,0.66,24,Самосвал карьерный 785C №401,,,,
20.07.2024,ЕТО,0.66,24,Самосвал карьерный 785C №401,,,,
21.07.2024,ЕТО,0.66,24,Самосвал карьерный 785C №401,,,,
22.07.2024,ЕТО,0.66,24,Самосвал карьерный 785C №401,,,,
23.07.2024,ЕТО,0.66,24,Самосвал карьерный 785C №401,,,,
24.07.2024,ЕТО,0.66,24,Самосвал карьерный 785C №401,,,,
25.07.2024,ЕТО,0.66,24,Самосвал карьерный 785C №401,,,,
26.07.2024,ЕТО,0.66,24,Самосвал карьерный 785C №401,,,,
27.07.2024,ЕТО,0.66,24,Самосвал карьерный 785C №401,,,,
28.07.2024,ЕТО,0.66,24,Самосвал карьерный 785C №401,,,,
29.07.2024,ЕТО,0.66,24,Самосвал карьерный 785C №401,,,,
30.07.2024,ЕТО,0.66,24,Самосвал карьерный 785C №401,,,,
31.07.2024,ЕТО,0.66,24,Самосвал карьерный 785C №401,,,,
01.08.2024,ЕТО,0.66,24,Самосвал карьерный 785C №401,,,,
02.08.2024,ЕТО,0.66,24,Самосвал карьерный 785C №401,,,,
03.08.2024,ЕТО,0.66,24,Самосвал карьерный 785C №401,,,,
04.08.2024,ЕТО,0.66,24,Самосвал карьерный 785C №401,,,,
05.08.2024,ЕТО,0.66,24,Самосвал карьерный 785C №401,,,,
06.08.2024,ЕТО,0.66,24,Самосвал карьерный 785C №401,,,,
07.08.2024,ЕТО,0.66,24,Самосвал карьерный 785C №401,,,,
08.08.2024,ЕТО,0.66,24,Самосвал карьерный 785C №401,,,,
09.08.2024,ЕТО,0.66,24,Самосвал карьерный 785C №401,,,,
10.08.2024,ЕТО,0.66,24,Самосвал карьерный 785C №401,,,,
11.08.2024,ЕТО,0.66,24,Самосвал карьерный 785C №401,,,,
12.08.2024,ЕТО,0.66,24,Самосвал карьерный 785C №401,,,,
13.08.2024,ЕТО,0.66,24,Самосвал карьерный 785C №401,,,,
14.08.2024,ЕТО,0.66,24,Самосвал карьерный 785C №401,,,,
15.08.2024,ЕТО,0.66,24,Самосвал карьерный 785C №401,,,,
16.08.2024,ЕТО,0.66,24,Самосвал карьерный 785C №401,,,,
17.08.2024,ЕТО,0.66,24,Самосвал карьерный 785C №401,,,,
18.08.2024,ЕТО,0.66,24,Самосвал карьерный 785C №401,,,,
19.08.2024,ЕТО,0.66,24,Самосвал карьерный 785C №401,,,,
20.08.2024,ЕТО,0.66,24,Самосвал карьерный 785C №401,,,,
21.08.2024,ЕТО,0.66,24,Самосвал карьерный 785C №401,,,,
22.08.2024,ЕТО,0.66,24,Самосвал карьерный 785C №401,,,,
23.08.2024,ЕТО,0.66,24,Самосвал карьерный 785C №401,,,,
24.08.2024,ЕТО,0.66,24,Самосвал карьерный 785C №401,,,,
25.08.2024,ЕТО,0.66,24,Самосвал карьерный 785C №401,,,,
26.08.2024,ЕТО,0.66,24,Самосвал карьерный 785C №401,,,,
27.08.2024,ЕТО,0.66,24,Самосвал карьерный 785C №401,,,,
28.08.2024,ЕТО,0.66,24,Самосвал карьерный 785C №401,,,,
29.08.2024,ЕТО,0.66,24,Самосвал карьерный 785C №401,,,,
30.08.2024,ЕТО,0.66,24,Самосвал карьерный 785C №401,,,,
31.08.2024,ЕТО,0.66,24,Самосвал карьерный 785C №401,,,,
01.09.2024,ЕТО,0.66,24,Самосвал карьерный 785C №401,,,,
02.09.2024,ЕТО,0.66,24,Самосвал карьерный 785C №401,,,,
03.09.2024,ЕТО,0.66,24,Самосвал карьерный 785C №401,,,,
04.09.2024,ЕТО,0.66,24,Самосвал карьерный 785C №401,,,,
05.09.2024,ЕТО,0.66,24,Самосвал карьерный 785C №401,,,,
06.09.2024,ЕТО,0.66,24,Самосвал карьерный 785C №401,,,,
07.09.2024,ЕТО,0.66,24,Самосвал карьерный 785C №401,,,,
08.09.2024,ЕТО,0.66,24,Самосвал карьерный 785C №401,,,,
09.09.2024,ЕТО,0.66,24,Самосвал карьерный 785C №401,,,,
10.09.2024,ЕТО,0.66,24,Самосвал карьерный 785C №401,,,,
11.09.2024,ЕТО,0.66,24,Самосвал карьерный 785C №401,,,,
12.09.2024,ЕТО,0.66,24,Самосвал карьерный 785C №401,,,,
13.09.2024,ЕТО,0.66,24,Самосвал карьерный 785C №401,,,,
14.09.2024,ЕТО,0.66,24,Самосвал карьерный 785C №401,,,,
15.09.2024,ЕТО,0.66,24,Самосвал карьерный 785C №401,,,,
16.09.2024,ЕТО,0.66,24,Самосвал карьерный 785C №401,,,,
17.09.2024,ЕТО,0.66,24,Самосвал карьерный 785C №401,,,,
18.09.2024,ЕТО,0.66,24,Самосвал карьерный 785C №401,,,,
19.09.2024,ЕТО,0.66,24,Самосвал карьерный 785C №401,,,,
20.09.2024,ЕТО,0.66,24,Самосвал карьерный 785C №401,,,,
21.09.2024,ЕТО,0.66,24,Самосвал карьерный 785C №401,,,,
22.09.2024,ЕТО,0.66,24,Самосвал карьерный 785C №401,,,,
23.09.2024,ЕТО,0.66,24,Самосвал карьерный 785C №401,,,,
24.09.2024,ЕТО,0.66,24,Самосвал карьерный 785C №401,,,,
25.09.2024,ЕТО,0.66,24,Самосвал карьерный 785C №401,,,,
26.09.2024,ЕТО,0.66,24,Самосвал карьерный 785C №401,,,,
27.09.2024,ЕТО,0.66,24,Самосвал карьерный 785C №401,,,,
28.09.2024,ЕТО,0.66,24,Самосвал карьерный 785C №401,,,,
29.09.2024,ЕТО,0.66,24,Самосвал карьерный 785C №401,,,,
30.09.2024,ЕТО,0.66,24,Самосвал карьерный 785C №401,,,,
01.10.2024,ЕТО,0.66,24,Самосвал карьерный 785C №401,,,,
02.10.2024,ЕТО,0.66,24,Самосвал карьерный 785C №401,,,,
03.10.2024,ЕТО,0.66,24,Самосвал карьерный 785C №401,,,,
04.10.2024,ЕТО,0.66,24,Самосвал карьерный 785C №401,,,,
05.10.2024,ЕТО,0.66,24,Самосвал карьерный 785C №401,,,,
06.10.2024,ЕТО,0.66,24,Самосвал карьерный 785C №401,,,,
07.10.2024,ЕТО,0.66,24,Самосвал карьерный 785C №401,,,,
08.10.2024,ЕТО,0.66,24,Самосвал карьерный 785C №401,,,,
09.10.2024,ЕТО,0.66,24,Самосвал карьерный 785C №401,,,,
10.10.2024,ЕТО,0.66,24,Самосвал карьерный 785C №401,,,,
11.10.2024,ЕТО,0.66,24,Самосвал карьерный 785C №401,,,,
12.10.2024,ЕТО,0.66,24,Самосвал карьерный 785C №401,,,,
13.10.2024,ЕТО,0.66,24,Самосвал карьерный 785C №401,,,,
14.10.2024,ЕТО,0.66,24,Самосвал карьерный 785C №401,,,,
15.10.2024,ЕТО,0.66,24,Самосвал карьерный 785C №401,,,,
16.10.2024,ЕТО,0.66,24,Самосвал карьерный 785C №401,,,,
17.10.2024,ЕТО,0.66,24,Самосвал карьерный 785C №401,,,,
18.10.2024,ЕТО,0.66,24,Самосвал карьерный 785C №401,,,,
19.10.2024,ЕТО,0.66,24,Самосвал карьерный 785C №401,,,,
20.10.2024,ЕТО,0.66,24,Самосвал карьерный 785C №401,,,,
21.10.2024,ЕТО,0.66,24,Самосвал карьерный 785C №401,,,,
22.10.2024,ЕТО,0.66,24,Самосвал карьерный 785C №401,,,,
23.10.2024,ЕТО,0.66,24,Самосвал карьерный 785C №401,,,,
24.10.2024,ЕТО,0.66,24,Самосвал карьерный 785C №401,,,,
25.10.2024,ЕТО,0.66,24,Самосвал карьерный 785C №401,,,,
26.10.2024,ЕТО,0.66,24,Самосвал карьерный 785C №401,,,,
27.10.2024,ЕТО,0.66,24,Самосвал карьерный 785C №401,,,,
28.10.2024,ЕТО,0.66,24,Самосвал карьерный 785C №401,,,,
29.10.2024,ЕТО,0.66,24,Самосвал карьерный 785C №401,,,,
30.10.2024,ЕТО,0.66,24,Самосвал карьерный 785C №401,,,,
31.10.2024,ЕТО,0.66,24,Самосвал карьерный 785C №401,,,,
01.11.2024,ЕТО,0.66,24,Самосвал карьерный 785C №401,,,,
02.11.2024,ЕТО,0.66,24,Самосвал карьерный 785C №401,,,,
03.11.2024,ЕТО,0.66,24,Самосвал карьерный 785C №401,,,,
04.11.2024,ЕТО,0.66,24,Самосвал карьерный 785C №401,,,,
05.11.2024,ЕТО,0.66,24,Самосвал карьерный 785C №401,,,,
06.11.2024,ЕТО,0.66,24,Самосвал карьерный 785C №401,,,,
07.11.2024,ЕТО,0.66,24,Самосвал карьерный 785C №401,,,,
08.11.2024,ЕТО,0.66,24,Самосвал карьерный 785C №401,,,,
09.11.2024,ЕТО,0.66,24,Самосвал карьерный 785C №401,,,,
10.11.2024,ЕТО,0.66,24,Самосвал карьерный 785C №401,,,,
11.11.2024,ЕТО,0.66,24,Самосвал карьерный 785C №401,,,,
12.11.2024,ЕТО,0.66,24,Самосвал карьерный 785C №401,,,,
13.11.2024,ЕТО,0.66,24,Самосвал карьерный 785C №401,,,,
14.11.2024,ЕТО,0.66,24,Самосвал карьерный 785C №401,,,,
15.11.2024,ЕТО,0.66,24,Самосвал карьерный 785C №401,,,,
16.11.2024,ЕТО,0.66,24,Самосвал карьерный 785C №401,,,,
17.11.2024,ЕТО,0.66,24,Самосвал карьерный 785C №401,,,,
18.11.2024,ЕТО,0.66,24,Самосвал карьерный 785C №401,,,,
19.11.2024,ЕТО,0.66,24,Самосвал карьерный 785C №401,,,,
20.11.2024,ЕТО,0.66,24,Самосвал карьерный 785C №401,,,,
21.11.2024,ЕТО,0.66,24,Самосвал карьерный 785C №401,,,,
22.11.2024,ЕТО,0.66,24,Самосвал карьерный 785C №401,,,,
23.11.2024,ЕТО,0.66,24,Самосвал карьерный 785C №401,,,,
24.11.2024,ЕТО,0.66,24,Самосвал карьерный 785C №401,,,,
25.11.2024,ЕТО,0.66,24,Самосвал карьерный 785C №401,,,,
26.11.2024,ЕТО,0.66,24,Самосвал карьерный 785C №401,,,,
27.11.2024,ЕТО,0.66,24,Самосвал карьерный 785C №401,,,,
28.11.2024,ЕТО,0.66,24,Самосвал карьерный 785C №401,,,,
29.11.2024,ЕТО,0.66,24,Самосвал карьерный 785C №401,,,,
30.11.2024,ЕТО,0.66,24,Самосвал карьерный 785C №401,,,,
01.12.2024,ЕТО,0.66,24,Самосвал карьерный 785C №401,,,,
02.12.2024,ЕТО,0.66,24,Самосвал карьерный 785C №401,,,,
03.12.2024,ЕТО,0.66,24,Самосвал карьерный 785C №401,,,,
04.12.2024,ЕТО,0.66,24,Самосвал карьерный 785C №401,,,,
05.12.2024,ЕТО,0.66,24,Самосвал карьерный 785C №401,,,,
06.12.2024,ЕТО,0.66,24,Самосвал карьерный 785C №401,,,,
07.12.2024,ЕТО,0.66,24,Самосвал карьерный 785C №401,,,,
08.12.2024,ЕТО,0.66,24,Самосвал карьерный 785C №401,,,,
09.12.2024,ЕТО,0.66,24,Самосвал карьерный 785C №401,,,,
10.12.2024,ЕТО,0.66,24,Самосвал карьерный 785C №401,,,,
11.12.2024,ЕТО,0.66,24,Самосвал карьерный 785C №401,,,,
12.12.2024,ЕТО,0.66,24,Самосвал карьерный 785C №401,,,,
13.12.2024,ЕТО,0.66,24,Самосвал карьерный 785C №401,,,,
14.12.2024,ЕТО,0.66,24,Самосвал карьерный 785C №401,,,,
15.12.2024,ЕТО,0.66,24,Самосвал карьерный 785C №401,,,,
16.12.2024,ЕТО,0.66,24,Самосвал карьерный 785C №401,,,,
17.12.2024,ЕТО,0.66,24,Самосвал карьерный 785C №401,,,,
18.12.2024,ЕТО,0.66,24,Самосвал карьерный 785C №401,,,,
19.12.2024,ЕТО,0.66,24,Самосвал карьерный 785C №401,,,,
20.12.2024,ЕТО,0.66,24,Самосвал карьерный 785C №401,,,,
21.12.2024,ЕТО,0.66,24,Самосвал карьерный 785C №401,,,,
22.12.2024,ЕТО,0.66,24,Самосвал карьерный 785C №401,,,,
23.12.2024,ЕТО,0.66,24,Самосвал карьерный 785C №401,,,,
24.12.2024,ЕТО,0.66,24,Самосвал карьерный 785C №401,,,,
25.12.2024,ЕТО,0.66,24,Самосвал карьерный 785C №401,,,,
26.12.2024,ЕТО,0.66,24,Самосвал карьерный 785C №401,,,,
27.12.2024,ЕТО,0.66,24,Самосвал карьерный 785C №401,,,,
28.12.2024,ЕТО,0.66,24,Самосвал карьерный 785C №401,,,,
29.12.2024,ЕТО,0.66,24,Самосвал карьерный 785C №401,,,,
30.12.2024,ЕТО,0.66,24,Самосвал карьерный 785C №401,,,,
31.12.2024,ЕТО,0.66,24,Самосвал карьерный 785C №401,,,,
01.01.2025,ЕТО,0.66,24,Самосвал карьерный 785C №401,,,,
02.01.2025,ЕТО,0.66,24,Самосвал карьерный 785C №401,,,,
03.01.2025,ЕТО,0.66,24,Самосвал карьерный 785C №401,,,,
04.01.2025,ЕТО,0.66,24,Самосвал карьерный 785C №401,,,,
05.01.2025,ЕТО,0.66,24,Самосвал карьерный 785C №401,,,,
06.01.2025,ЕТО,0.66,24,Самосвал карьерный 785C №401,,,,
07.01.2025,ЕТО,0.66,24,Самосвал карьерный 785C №401,,,,
08.01.2025,ЕТО,0.66,24,Самосвал карьерный 785C №401,,,,
09.01.2025,ЕТО,0.66,24,Самосвал карьерный 785C №401,,,,
10.01.2025,ЕТО,0.66,24,Самосвал карьерный 785C №401,,,,
11.01.2025,ЕТО,0.66,24,Самосвал карьерный 785C №401,,,,
12.01.2025,ЕТО,0.66,24,Самосвал карьерный 785C №401,,,,
13.01.2025,ЕТО,0.66,24,Самосвал карьерный 785C №401,,,,
14.01.2025,ЕТО,0.66,24,Самосвал карьерный 785C №401,,,,
15.01.2025,ЕТО,0.66,24,Самосвал карьерный 785C №401,,,,
16.01.2025,ЕТО,0.66,24,Самосвал карьерный 785C №401,,,,
17.01.2025,ЕТО,0.66,24,Самосвал карьерный 785C №401,,,,
18.01.2025,ЕТО,0.66,24,Самосвал карьерный 785C №401,,,,
19.01.2025,ЕТО,0.66,24,Самосвал карьерный 785C №401,,,,
20.01.2025,ЕТО,0.66,24,Самосвал карьерный 785C №401,,,,
21.01.2025,ЕТО,0.66,24,Самосвал карьерный 785C №401,,,,
22.01.2025,ЕТО,0.66,24,Самосвал карьерный 785C №401,,,,
23.01.2025,ЕТО,0.66,24,Самосвал карьерный 785C №401,,,,
24.01.2025,ЕТО,0.66,24,Самосвал карьерный 785C №401,,,,
25.01.2025,ЕТО,0.66,24,Самосвал карьерный 785C №401,,,,
26.01.2025,ЕТО,0.66,24,Самосвал карьерный 785C №401,,,,
27.01.2025,ЕТО,0.66,24,Самосвал карьерный 785C №401,,,,
28.01.2025,ЕТО,0.66,24,Самосвал карьерный 785C №401,,,,
29.01.2025,ЕТО,0.66,24,Самосвал карьерный 785C №401,,,,
30.01.2025,ЕТО,0.66,24,Самосвал карьерный 785C №401,,,,
31.01.2025,ЕТО,0.66,24,Самосвал карьерный 785C №401,,,,
01.02.2025,ЕТО,0.66,24,Самосвал карьерный 785C №401,,,,
02.02.2025,ЕТО,0.66,24,Самосвал карьерный 785C №401,,,,
03.02.2025,ЕТО,0.66,24,Самосвал карьерный 785C №401,,,,
04.02.2025,ЕТО,0.66,24,Самосвал карьерный 785C №401,,,,
05.02.2025,ЕТО,0.66,24,Самосвал карьерный 785C №401,,,,
06.02.2025,ЕТО,0.66,24,Самосвал карьерный 785C №401,,,,
07.02.2025,ЕТО,0.66,24,Самосвал карьерный 785C №401,,,,
08.02.2025,ЕТО,0.66,24,Самосвал карьерный 785C №401,,,,
09.02.2025,ЕТО,0.66,24,Самосвал карьерный 785C №401,,,,
10.02.2025,ЕТО,0.66,24,Самосвал карьерный 785C №401,,,,
11.02.2025,ЕТО,0.66,24,Самосвал карьерный 785C №401,,,,
12.02.2025,ЕТО,0.66,24,Самосвал карьерный 785C №401,,,,
13.02.2025,ЕТО,0.66,24,Самосвал карьерный 785C №401,,,,
14.02.2025,ЕТО,0.66,24,Самосвал карьерный 785C №401,,,,
15.02.2025,ЕТО,0.66,24,Самосвал карьерный 785C №401,,,,
16.02.2025,ЕТО,0.66,24,Самосвал карьерный 785C №401,,,,
17.02.2025,ЕТО,0.66,24,Самосвал карьерный 785C №401,,,,
18.02.2025,ЕТО,0.66,24,Самосвал карьерный 785C №401,,,,
19.02.2025,ЕТО,0.66,24,Самосвал карьерный 785C №401,,,,
20.02.2025,ЕТО,0.66,24,Самосвал карьерный 785C №401,,,,
21.02.2025,ЕТО,0.66,24,Самосвал карьерный 785C №401,,,,
22.02.2025,ЕТО,0.66,24,Самосвал карьерный 785C №401,,,,
23.02.2025,ЕТО,0.66,24,Самосвал карьерный 785C №401,,,,
24.02.2025,ЕТО,0.66,24,Самосвал карьерный 785C №401,,,,
25.02.2025,ЕТО,0.66,24,Самосвал карьерный 785C №401,,,,
26.02.2025,ЕТО,0.66,24,Самосвал карьерный 785C №401,,,,
27.02.2025,ЕТО,0.66,24,Самосвал карьерный 785C №401,,,,
28.02.2025,ЕТО,0.66,24,Самосвал карьерный 785C №401,,,,
01.03.2025,ЕТО,0.66,24,Самосвал карьерный 785C №401,,,,
02.03.2025,ЕТО,0.66,24,Самосвал карьерный 785C №401,,,,
03.03.2025,ЕТО,0.66,24,Самосвал карьерный 785C №401,,,,
04.03.2025,ЕТО,0.66,24,Самосвал карьерный 785C №401,,,,
05.03.2025,ЕТО,0.66,24,Самосвал карьерный 785C №401,,,,
06.03.2025,ЕТО,0.66,24,Самосвал карьерный 785C №401,,,,
07.03.2025,ЕТО,0.66,24,Самосвал карьерный 785C №401,,,,
08.03.2025,ЕТО,0.66,24,Самосвал карьерный 785C №401,,,,
09.03.2025,ЕТО,0.66,24,Самосвал карьерный 785C №401,,,,
10.03.2025,ЕТО,0.66,24,Самосвал карьерный 785C №401,,,,
11.03.2025,ЕТО,0.66,24,Самосвал карьерный 785C №401,,,,
12.03.2025,ЕТО,0.66,24,Самосвал карьерный 785C №401,,,,
13.03.2025,ЕТО,0.66,24,Самосвал карьерный 785C №401,,,,
14.03.2025,ЕТО,0.66,24,Самосвал карьерный 785C №401,,,,
15.03.2025,ЕТО,0.66,24,Самосвал карьерный 785C №401,,,,
16.03.2025,ЕТО,0.66,24,Самосвал карьерный 785C №401,,,,
17.03.2025,ЕТО,0.66,24,Самосвал карьерный 785C №401,,,,
18.03.2025,ЕТО,0.66,24,Самосвал карьерный 785C №401,,,,
19.03.2025,ЕТО,0.66,24,Самосвал карьерный 785C №401,,,,
20.03.2025,ЕТО,0.66,24,Самосвал карьерный 785C №401,,,,
21.03.2025,ЕТО,0.66,24,Самосвал карьерный 785C №401,,,,
22.03.2025,ЕТО,0.66,24,Самосвал карьерный 785C №401,,,,
23.03.2025,ЕТО,0.66,24,Самосвал карьерный 785C №401,,,,
24.03.2025,ЕТО,0.66,24,Самосвал карьерный 785C №401,,,,
25.03.2025,ЕТО,0.66,24,Самосвал карьерный 785C №401,,,,
26.03.2025,ЕТО,0.66,24,Самосвал карьерный 785C №401,,,,
27.03.2025,ЕТО,0.66,24,Самосвал карьерный 785C №401,,,,
28.03.2025,ЕТО,0.66,24,Самосвал карьерный 785C №401,,,,
29.03.2025,ЕТО,0.66,24,Самосвал карьерный 785C №401,,,,
30.03.2025,ЕТО,0.66,24,Самосвал карьерный 785C №401,,,,
31.03.2025,ЕТО,0.66,24,Самосвал карьерный 785C №401,,,,
01.04.2025,ЕТО,0.66,24,Самосвал карьерный 785C №401,,,,
02.04.2025,ЕТО,0.66,24,Самосвал карьерный 785C №401,,,,
03.04.2025,ЕТО,0.66,24,Самосвал карьерный 785C №401,,,,
04.04.2025,ЕТО,0.66,24,Самосвал карьерный 785C №401,,,,
05.04.2025,ЕТО,0.66,24,Самосвал карьерный 785C №401,,,,
06.04.2025,ЕТО,0.66,24,Самосвал карьерный 785C №401,,,,
07.04.2025,ЕТО,0.66,24,Самосвал карьерный 785C №401,,,,
08.04.2025,ЕТО,0.66,24,Самосвал карьерный 785C №401,,,,
09.04.2025,ЕТО,0.66,24,Самосвал карьерный 785C №401,,,,
10.04.2025,ЕТО,0.66,24,Самосвал карьерный 785C №401,,,,
11.04.2025,ЕТО,0.66,24,Самосвал карьерный 785C №401,,,,
12.04.2025,ЕТО,0.66,24,Самосвал карьерный 785C №401,,,,
13.04.2025,ЕТО,0.66,24,Самосвал карьерный 785C №401,,,,
14.04.2025,ЕТО,0.66,24,Самосвал карьерный 785C №401,,,,
15.04.2025,ЕТО,0.66,24,Самосвал карьерный 785C №401,,,,
16.04.2025,ЕТО,0.66,24,Самосвал карьерный 785C №401,,,,
17.04.2025,ЕТО,0.66,24,Самосвал карьерный 785C №401,,,,
18.04.2025,ЕТО,0.66,24,Самосвал карьерный 785C №401,,,,
19.04.2025,ЕТО,0.66,24,Самосвал карьерный 785C №401,,,,
20.04.2025,ЕТО,0.66,24,Самосвал карьерный 785C №401,,,,
21.04.2025,ЕТО,0.66,24,Самосвал карьерный 785C №401,,,,
22.04.2025,ЕТО,0.66,24,Самосвал карьерный 785C №401,,,,
23.04.2025,ЕТО,0.66,24,Самосвал карьерный 785C №401,,,,
24.04.2025,ЕТО,0.66,24,Самосвал карьерный 785C №401,,,,
25.04.2025,ЕТО,0.66,24,Самосвал карьерный 785C №401,,,,
26.04.2025,ЕТО,0.66,24,Самосвал карьерный 785C №401,,,,
27.04.2025,ЕТО,0.66,24,Самосвал карьерный 785C №401,,,,
28.04.2025,ЕТО,0.66,24,Самосвал карьерный 785C №401,,,,
29.04.2025,ЕТО,0.66,24,Самосвал карьерный 785C №401,,,,
30.04.2025,ЕТО,0.66,24,Самосвал карьерный 785C №401,,,,
01.05.2025,ЕТО,0.66,24,Самосвал карьерный 785C №401,,,,
02.05.2025,ЕТО,0.66,24,Самосвал карьерный 785C №401,,,,
03.05.2025,ЕТО,0.66,24,Самосвал карьерный 785C №401,,,,
04.05.2025,ЕТО,0.66,24,Самосвал карьерный 785C №401,,,,
05.05.2025,ЕТО,0.66,24,Самосвал карьерный 785C №401,,,,
06.05.2025,ЕТО,0.66,24,Самосвал карьерный 785C №401,,,,
07.05.2025,ЕТО,0.66,24,Самосвал карьерный 785C №401,,,,
08.05.2025,ЕТО,0.66,24,Самосвал карьерный 785C №401,,,,
09.05.2025,ЕТО,0.66,24,Самосвал карьерный 785C №401,,,,
10.05.2025,ЕТО,0.66,24,Самосвал карьерный 785C №401,,,,
11.05.2025,ЕТО,0.66,24,Самосвал карьерный 785C №401,,,,
12.05.2025,ЕТО,0.66,24,Самосвал карьерный 785C №401,,,,
13.05.2025,ЕТО,0.66,24,Самосвал карьерный 785C №401,,,,
14.05.2025,ЕТО,0.66,24,Самосвал карьерный 785C №401,,,,
15.05.2025,ЕТО,0.66,24,Самосвал карьерный 785C №401,,,,
16.05.2025,ЕТО,0.66,24,Самосвал карьерный 785C №401,,,,
17.05.2025,ЕТО,0.66,24,Самосвал карьерный 785C №401,,,,
18.05.2025,ЕТО,0.66,24,Самосвал карьерный 785C №401,,,,
19.05.2025,ЕТО,0.66,24,Самосвал карьерный 785C №401,,,,
20.05.2025,ЕТО,0.66,24,Самосвал карьерный 785C №401,,,,
21.05.2025,ЕТО,0.66,24,Самосвал карьерный 785C №401,,,,
22.05.2025,ЕТО,0.66,24,Самосвал карьерный 785C №401,,,,
23.05.2025,ЕТО,0.66,24,Самосвал карьерный 785C №401,,,,
24.05.2025,ЕТО,0.66,24,Самосвал карьерный 785C №401,,,,
25.05.2025,ЕТО,0.66,24,Самосвал карьерный 785C №401,,,,
26.05.2025,ЕТО,0.66,24,Самосвал карьерный 785C №401,,,,
27.05.2025,ЕТО,0.66,24,Самосвал карьерный 785C №401,,,,
28.05.2025,ЕТО,0.66,24,Самосвал карьерный 785C №401,,,,
29.05.2025,ЕТО,0.66,24,Самосвал карьерный 785C №401,,,,
30.05.2025,ЕТО,0.66,24,Самосвал карьерный 785C №401,,,,
31.05.2025,ЕТО,0.66,24,Самосвал карьерный 785C №401,,,,
01.06.2025,ЕТО,0.66,24,Самосвал карьерный 785C №401,,,,
02.06.2025,ЕТО,0.66,24,Самосвал карьерный 785C №401,,,,
03.06.2025,ЕТО,0.66,24,Самосвал карьерный 785C №401,,,,
04.06.2025,ЕТО,0.66,24,Самосвал карьерный 785C №401,,,,
05.06.2025,ЕТО,0.66,24,Самосвал карьерный 785C №401,,,,
06.06.2025,ЕТО,0.66,24,Самосвал карьерный 785C №401,,,,
07.06.2025,ЕТО,0.66,24,Самосвал карьерный 785C №401,,,,
08.06.2025,ЕТО,0.66,24,Самосвал карьерный 785C №401,,,,
09.06.2025,ЕТО,0.66,24,Самосвал карьерный 785C №401,,,,
10.06.2025,ЕТО,0.66,24,Самосвал карьерный 785C №401,,,,
11.06.2025,ЕТО,0.66,24,Самосвал карьерный 785C №401,,,,
12.06.2025,ЕТО,0.66,24,Самосвал карьерный 785C №401,,,,
13.06.2025,ЕТО,0.66,24,Самосвал карьерный 785C №401,,,,
14.06.2025,ЕТО,0.66,24,Самосвал карьерный 785C №401,,,,
15.06.2025,ЕТО,0.66,24,Самосвал карьерный 785C №401,,,,
16.06.2025,ЕТО,0.66,24,Самосвал карьерный 785C №401,,,,
17.06.2025,ЕТО,0.66,24,Самосвал карьерный 785C №401,,,,
18.06.2025,ЕТО,0.66,24,Самосвал карьерный 785C №401,,,,
19.06.2025,ЕТО,0.66,24,Самосвал карьерный 785C №401,,,,
20.06.2025,ЕТО,0.66,24,Самосвал карьерный 785C №401,,,,
21.06.2025,ЕТО,0.66,24,Самосвал карьерный 785C №401,,,,
22.06.2025,ЕТО,0.66,24,Самосвал карьерный 785C №401,,,,
23.06.2025,ЕТО,0.66,24,Самосвал карьерный 785C №401,,,,
24.06.2025,ЕТО,0.66,24,Самосвал карьерный 785C №401,,,,
25.06.2025,ЕТО,0.66,24,Самосвал карьерный 785C №401,,,,
26.06.2025,ЕТО,0.66,24,Самосвал карьерный 785C №401,,,,
27.06.2025,ЕТО,0.66,24,Самосвал карьерный 785C №401,,,,
28.06.2025,ЕТО,0.66,24,Самосвал карьерный 785C №401,,,,
29.06.2025,ЕТО,0.66,24,Самосвал карьерный 785C №401,,,,
30.06.2025,ЕТО,0.66,24,Самосвал карьерный 785C №401,,,,
01.07.2025,ЕТО,0.66,24,Самосвал карьерный 785C №401,,,,
02.07.2025,ЕТО,0.66,24,Самосвал карьерный 785C №401,,,,
03.07.2025,ЕТО,0.66,24,Самосвал карьерный 785C №401,,,,
04.07.2025,ЕТО,0.66,24,Самосвал карьерный 785C №401,,,,
05.07.2025,ЕТО,0.66,24,Самосвал карьерный 785C №401,,,,
06.07.2025,ЕТО,0.66,24,Самосвал карьерный 785C №401,,,,
07.07.2025,ЕТО,0.66,24,Самосвал карьерный 785C №401,,,,
08.07.2025,ЕТО,0.66,24,Самосвал карьерный 785C №401,,,,
09.07.2025,ЕТО,0.66,24,Самосвал карьерный 785C №401,,,,
10.07.2025,ЕТО,0.66,24,Самосвал карьерный 785C №401,,,,
11.07.2025,ЕТО,0.66,24,Самосвал карьерный 785C №401,,,,
12.07.2025,ЕТО,0.66,24,Самосвал карьерный 785C №401,,,,
13.07.2025,ЕТО,0.66,24,Самосвал карьерный 785C №401,,,,
14.07.2025,ЕТО,0.66,24,Самосвал карьерный 785C №401,,,,
15.07.2025,ЕТО,0.66,24,Самосвал карьерный 785C №401,,,,
16.07.2025,ЕТО,0.66,24,Самосвал карьерный 785C №401,,,,
17.07.2025,ЕТО,0.66,24,Самосвал карьерный 785C №401,,,,
18.07.2025,ЕТО,0.66,24,Самосвал карьерный 785C №401,,,,
19.07.2025,ЕТО,0.66,24,Самосвал карьерный 785C №401,,,,
20.07.2025,ЕТО,0.66,24,Самосвал карьерный 785C №401,,,,
21.07.2025,ЕТО,0.66,24,Самосвал карьерный 785C №401,,,,
22.07.2025,ЕТО,0.66,24,Самосвал карьерный 785C №401,,,,
23.07.2025,ЕТО,0.66,24,Самосвал карьерный 785C №401,,,,
24.07.2025,ЕТО,0.66,24,Самосвал карьерный 785C №401,,,,
25.07.2025,ЕТО,0.66,24,Самосвал карьерный 785C №401,,,,
26.07.2025,ЕТО,0.66,24,Самосвал карьерный 785C №401,,,,
27.07.2025,ЕТО,0.66,24,Самосвал карьерный 785C №401,,,,
28.07.2025,ЕТО,0.66,24,Самосвал карьерный 785C №401,,,,
29.07.2025,ЕТО,0.66,24,Самосвал карьерный 785C №401,,,,
30.07.2025,ЕТО,0.66,24,Самосвал карьерный 785C №401,,,,
31.07.2025,ЕТО,0.66,24,Самосвал карьерный 785C №401,,,,
01.08.2025,ЕТО,0.66,24,Самосвал карьерный 785C №401,,,,
02.08.2025,ЕТО,0.66,24,Самосвал карьерный 785C №401,,,,
03.08.2025,ЕТО,0.66,24,Самосвал карьерный 785C №401,,,,
04.08.2025,ЕТО,0.66,24,Самосвал карьерный 785C №401,,,,
05.08.2025,ЕТО,0.66,24,Самосвал карьерный 785C №401,,,,
06.08.2025,ЕТО,0.66,24,Самосвал карьерный 785C №401,,,,
07.08.2025,ЕТО,0.66,24,Самосвал карьерный 785C №401,,,,
08.08.2025,ЕТО,0.66,24,Самосвал карьерный 785C №401,,,,
09.08.2025,ЕТО,0.66,24,Самосвал карьерный 785C №401,,,,
10.08.2025,ЕТО,0.66,24,Самосвал карьерный 785C №401,,,,
11.08.2025,ЕТО,0.66,24,Самосвал карьерный 785C №401,,,,
12.08.2025,ЕТО,0.66,24,Самосвал карьерный 785C №401,,,,
13.08.2025,ЕТО,0.66,24,Самосвал карьерный 785C №401,,,,
14.08.2025,ЕТО,0.66,24,Самосвал карьерный 785C №401,,,,
15.08.2025,ЕТО,0.66,24,Самосвал карьерный 785C №401,,,,
16.08.2025,ЕТО,0.66,24,Самосвал карьерный 785C №401,,,,
17.08.2025,ЕТО,0.66,24,Самосвал карьерный 785C №401,,,,
18.08.2025,ЕТО,0.66,24,Самосвал карьерный 785C №401,,,,
19.08.2025,ЕТО,0.66,24,Самосвал карьерный 785C №401,,,,
20.08.2025,ЕТО,0.66,24,Самосвал карьерный 785C №401,,,,
21.08.2025,ЕТО,0.66,24,Самосвал карьерный 785C №401,,,,
22.08.2025,ЕТО,0.66,24,Самосвал карьерный 785C №401,,,,
23.08.2025,ЕТО,0.66,24,Самосвал карьерный 785C №401,,,,
24.08.2025,ЕТО,0.66,24,Самосвал карьерный 785C №401,,,,
25.08.2025,ЕТО,0.66,24,Самосвал карьерный 785C №401,,,,
26.08.2025,ЕТО,0.66,24,Самосвал карьерный 785C №401,,,,
27.08.2025,ЕТО,0.66,24,Самосвал карьерный 785C №401,,,,
28.08.2025,ЕТО,0.66,24,Самосвал карьерный 785C №401,,,,
29.08.2025,ЕТО,0.66,24,Самосвал карьерный 785C №401,,,,
30.08.2025,ЕТО,0.66,24,Самосвал карьерный 785C №401,,,,
31.08.2025,ЕТО,0.66,24,Самосвал карьерный 785C №401,,,,
01.09.2025,ЕТО,0.66,24,Самосвал карьерный 785C №401,,,,
02.09.2025,ЕТО,0.66,24,Самосвал карьерный 785C №401,,,,
03.09.2025,ЕТО,0.66,24,Самосвал карьерный 785C №401,,,,
04.09.2025,ЕТО,0.66,24,Самосвал карьерный 785C №401,,,,
05.09.2025,ЕТО,0.66,24,Самосвал карьерный 785C №401,,,,
06.09.2025,ЕТО,0.66,24,Самосвал карьерный 785C №401,,,,
07.09.2025,ЕТО,0.66,24,Самосвал карьерный 785C №401,,,,
08.09.2025,ЕТО,0.66,24,Самосвал карьерный 785C №401,,,,
09.09.2025,ЕТО,0.66,24,Самосвал карьерный 785C №401,,,,
10.09.2025,ЕТО,0.66,24,Самосвал карьерный 785C №401,,,,
11.09.2025,ЕТО,0.66,24,Самосвал карьерный 785C №401,,,,
12.09.2025,ЕТО,0.66,24,Самосвал карьерный 785C №401,,,,
13.09.2025,ЕТО,0.66,24,Самосвал карьерный 785C №401,,,,
14.09.2025,ЕТО,0.66,24,Самосвал карьерный 785C №401,,,,
15.09.2025,ЕТО,0.66,24,Самосвал карьерный 785C №401,,,,
16.09.2025,ЕТО,0.66,24,Самосвал карьерный 785C №401,,,,
17.09.2025,ЕТО,0.66,24,Самосвал карьерный 785C №401,,,,
18.09.2025,ЕТО,0.66,24,Самосвал карьерный 785C №401,,,,
19.09.2025,ЕТО,0.66,24,Самосвал карьерный 785C №401,,,,
20.09.2025,ЕТО,0.66,24,Самосвал карьерный 785C №401,,,,
21.09.2025,ЕТО,0.66,24,Самосвал карьерный 785C №401,,,,
22.09.2025,ЕТО,0.66,24,Самосвал карьерный 785C №401,,,,
23.09.2025,ЕТО,0.66,24,Самосвал карьерный 785C №401,,,,
24.09.2025,ЕТО,0.66,24,Самосвал карьерный 785C №401,,,,
25.09.2025,ЕТО,0.66,24,Самосвал карьерный 785C №401,,,,
26.09.2025,ЕТО,0.66,24,Самосвал карьерный 785C №401,,,,
27.09.2025,ЕТО,0.66,24,Самосвал карьерный 785C №401,,,,
28.09.2025,ЕТО,0.66,24,Самосвал карьерный 785C №401,,,,
29.09.2025,ЕТО,0.66,24,Самосвал карьерный 785C №401,,,,
30.09.2025,ЕТО,0.66,24,Самосвал карьерный 785C №401,,,,
01.10.2025,ЕТО,0.66,24,Самосвал карьерный 785C №401,,,,
02.10.2025,ЕТО,0.66,24,Самосвал карьерный 785C №401,,,,
03.10.2025,ЕТО,0.66,24,Самосвал карьерный 785C №401,,,,
04.10.2025,ЕТО,0.66,24,Самосвал карьерный 785C №401,,,,
05.10.2025,ЕТО,0.66,24,Самосвал карьерный 785C №401,,,,
06.10.2025,ЕТО,0.66,24,Самосвал карьерный 785C №401,,,,
07.10.2025,ЕТО,0.66,24,Самосвал карьерный 785C №401,,,,
08.10.2025,ЕТО,0.66,24,Самосвал карьерный 785C №401,,,,
09.10.2025,ЕТО,0.66,24,Самосвал карьерный 785C №401,,,,
10.10.2025,ЕТО,0.66,24,Самосвал карьерный 785C №401,,,,
11.10.2025,ЕТО,0.66,24,Самосвал карьерный 785C №401,,,,
12.10.2025,ЕТО,0.66,24,Самосвал карьерный 785C №401,,,,
13.10.2025,ЕТО,0.66,24,Самосвал карьерный 785C №401,,,,
14.10.2025,ЕТО,0.66,24,Самосвал карьерный 785C №401,,,,
15.10.2025,ЕТО,0.66,24,Самосвал карьерный 785C №401,,,,
16.10.2025,ЕТО,0.66,24,Самосвал карьерный 785C №401,,,,
17.10.2025,ЕТО,0.66,24,Самосвал карьерный 785C №401,,,,
18.10.2025,ЕТО,0.66,24,Самосвал карьерный 785C №401,,,,
19.10.2025,ЕТО,0.66,24,Самосвал карьерный 785C №401,,,,
20.10.2025,ЕТО,0.66,24,Самосвал карьерный 785C №401,,,,
21.10.2025,ЕТО,0.66,24,Самосвал карьерный 785C №401,,,,
22.10.2025,ЕТО,0.66,24,Самосвал карьерный 785C №401,,,,
23.10.2025,ЕТО,0.66,24,Самосвал карьерный 785C №401,,,,
24.10.2025,ЕТО,0.66,24,Самосвал карьерный 785C №401,,,,
25.10.2025,ЕТО,0.66,24,Самосвал карьерный 785C №401,,,,
26.10.2025,ЕТО,0.66,24,Самосвал карьерный 785C №401,,,,
27.10.2025,ЕТО,0.66,24,Самосвал карьерный 785C №401,,,,
28.10.2025,ЕТО,0.66,24,Самосвал карьерный 785C №401,,,,
29.10.2025,ЕТО,0.66,24,Самосвал карьерный 785C №401,,,,
30.10.2025,ЕТО,0.66,24,Самосвал карьерный 785C №401,,,,
31.10.2025,ЕТО,0.66,24,Самосвал карьерный 785C №401,,,,
01.11.2025,ЕТО,0.66,24,Самосвал карьерный 785C №401,,,,
02.11.2025,ЕТО,0.66,24,Самосвал карьерный 785C №401,,,,
03.11.2025,ЕТО,0.66,24,Самосвал карьерный 785C №401,,,,
04.11.2025,ЕТО,0.66,24,Самосвал карьерный 785C №401,,,,
05.11.2025,ЕТО,0.66,24,Самосвал карьерный 785C №401,,,,
06.11.2025,ЕТО,0.66,24,Самосвал карьерный 785C №401,,,,
07.11.2025,ЕТО,0.66,24,Самосвал карьерный 785C №401,,,,
08.11.2025,ЕТО,0.66,24,Самосвал карьерный 785C №401,,,,
09.11.2025,ЕТО,0.66,24,Самосвал карьерный 785C №401,,,,
10.11.2025,ЕТО,0.66,24,Самосвал карьерный 785C №401,,,,
11.11.2025,ЕТО,0.66,24,Самосвал карьерный 785C №401,,,,
12.11.2025,ЕТО,0.66,24,Самосвал карьерный 785C №401,,,,
13.11.2025,ЕТО,0.66,24,Самосвал карьерный 785C №401,,,,
14.11.2025,ЕТО,0.66,24,Самосвал карьерный 785C №401,,,,
15.11.2025,ЕТО,0.66,24,Самосвал карьерный 785C №401,,,,
16.11.2025,ЕТО,0.66,24,Самосвал карьерный 785C №401,,,,
17.11.2025,ЕТО,0.66,24,Самосвал карьерный 785C №401,,,,
18.11.2025,ЕТО,0.66,24,Самосвал карьерный 785C №401,,,,
19.11.2025,ЕТО,0.66,24,Самосвал карьерный 785C №401,,,,
20.11.2025,ЕТО,0.66,24,Самосвал карьерный 785C №401,,,,
21.11.2025,ЕТО,0.66,24,Самосвал карьерный 785C №401,,,,
22.11.2025,ЕТО,0.66,24,Самосвал карьерный 785C №401,,,,
23.11.2025,ЕТО,0.66,24,Самосвал карьерный 785C №401,,,,
24.11.2025,ЕТО,0.66,24,Самосвал карьерный 785C №401,,,,
25.11.2025,ЕТО,0.66,24,Самосвал карьерный 785C №401,,,,
26.11.2025,ЕТО,0.66,24,Самосвал карьерный 785C №401,,,,
27.11.2025,ЕТО,0.66,24,Самосвал карьерный 785C №401,,,,
28.11.2025,ЕТО,0.66,24,Самосвал карьерный 785C №401,,,,
29.11.2025,ЕТО,0.66,24,Самосвал карьерный 785C №401,,,,
30.11.2025,ЕТО,0.66,24,Самосвал карьерный 785C №401,,,,
01.12.2025,ЕТО,0.66,24,Самосвал карьерный 785C №401,,,,
02.12.2025,ЕТО,0.66,24,Самосвал карьерный 785C №401,,,,
03.12.2025,ЕТО,0.66,24,Самосвал карьерный 785C №401,,,,
04.12.2025,ЕТО,0.66,24,Самосвал карьерный 785C №401,,,,
05.12.2025,ЕТО,0.66,24,Самосвал карьерный 785C №401,,,,
06.12.2025,ЕТО,0.66,24,Самосвал карьерный 785C №401,,,,
07.12.2025,ЕТО,0.66,24,Самосвал карьерный 785C №401,,,,
08.12.2025,ЕТО,0.66,24,Самосвал карьерный 785C №401,,,,
09.12.2025,ЕТО,0.66,24,Самосвал карьерный 785C №401,,,,
10.12.2025,ЕТО,0.66,24,Самосвал карьерный 785C №401,,,,
11.12.2025,ЕТО,0.66,24,Самосвал карьерный 785C №401,,,,
12.12.2025,ЕТО,0.66,24,Самосвал карьерный 785C №401,,,,
13.12.2025,ЕТО,0.66,24,Самосвал карьерный 785C №401,,,,
14.12.2025,ЕТО,0.66,24,Самосвал карьерный 785C №401,,,,
15.12.2025,ЕТО,0.66,24,Самосвал карьерный 785C №401,,,,
16.12.2025,ЕТО,0.66,24,Самосвал карьерный 785C №401,,,,
17.12.2025,ЕТО,0.66,24,Самосвал карьерный 785C №401,,,,
18.12.2025,ЕТО,0.66,24,Самосвал карьерный 785C №401,,,,
19.12.2025,ЕТО,0.66,24,Самосвал карьерный 785C №401,,,,
20.12.2025,ЕТО,0.66,24,Самосвал карьерный 785C №401,,,,
21.12.2025,ЕТО,0.66,24,Самосвал карьерный 785C №401,,,,
22.12.2025,ЕТО,0.66,24,Самосвал карьерный 785C №401,,,,
23.12.2025,ЕТО,0.66,24,Самосвал карьерный 785C №401,,,,
24.12.2025,ЕТО,0.66,24,Самосвал карьерный 785C №401,,,,
25.12.2025,ЕТО,0.66,24,Самосвал карьерный 785C №401,,,,
26.12.2025,ЕТО,0.66,24,Самосвал карьерный 785C №401,,,,
27.12.2025,ЕТО,0.66,24,Самосвал карьерный 785C №401,,,,
28.12.2025,ЕТО,0.66,24,Самосвал карьерный 785C №401,,,,
29.12.2025,ЕТО,0.66,24,Самосвал карьерный 785C №401,,,,
30.12.2025,ЕТО,0.66,24,Самосвал карьерный 785C №401,,,,
31.12.2025,ЕТО,0.66,24,Самосвал карьерный 785C №401,,,,
22.01.2023,ТО-500,4.5,500,Самосвал карьерный 785C №401,500.0,500;1500;2500;3500;4500;5500;6500;7500;8500;9500;10500;11500;12500;13500;14500;15500;16500;17500;18500;19500;20500;21500;22500;23500;24500;25500;26500,22 days 09:30:00,2023-02-13 19:00:00
07.03.2023,ТО-500,4.5,500,Самосвал карьерный 785C №401,1500.0,500;1500;2500;3500;4500;5500;6500;7500;8500;9500;10500;11500;12500;13500;14500;15500;16500;17500;18500;19500;20500;21500;22500;23500;24500;25500;26500,66 days 19:30:00,2023-05-13 15:00:00
21.04.2023,ТО-500,4.5,500,Самосвал карьерный 785C №401,2500.0,500;1500;2500;3500;4500;5500;6500;7500;8500;9500;10500;11500;12500;13500;14500;15500;16500;17500;18500;19500;20500;21500;22500;23500;24500;25500;26500,111 days 07:00:00,2023-08-10 14:00:00
04.06.2023,ТО-500,4.5,500,Самосвал карьерный 785C №401,3500.0,500;1500;2500;3500;4500;5500;6500;7500;8500;9500;10500;11500;12500;13500;14500;15500;16500;17500;18500;19500;20500;21500;22500;23500;24500;25500;26500,155 days 17:00:00,2023-11-07 10:00:00
19.07.2023,ТО-500,4.5,500,Самосвал карьерный 785C №401,4500.0,500;1500;2500;3500;4500;5500;6500;7500;8500;9500;10500;11500;12500;13500;14500;15500;16500;17500;18500;19500;20500;21500;22500;23500;24500;25500;26500,200 days 04:30:00,2024-02-04 09:00:00
01.09.2023,ТО-500,4.5,500,Самосвал карьерный 785C №401,5500.0,500;1500;2500;3500;4500;5500;6500;7500;8500;9500;10500;11500;12500;13500;14500;15500;16500;17500;18500;19500;20500;21500;22500;23500;24500;25500;26500,244 days 14:30:00,2024-05-03 05:00:00
16.10.2023,ТО-500,4.5,500,Самосвал карьерный 785C №401,6500.0,500;1500;2500;3500;4500;5500;6500;7500;8500;9500;10500;11500;12500;13500;14500;15500;16500;17500;18500;19500;20500;21500;22500;23500;24500;25500;26500,289 days 00:30:00,2024-07-31 01:00:00
29.11.2023,ТО-500,4.5,500,Самосвал карьерный 785C №401,7500.0,500;1500;2500;3500;4500;5500;6500;7500;8500;9500;10500;11500;12500;13500;14500;15500;16500;17500;18500;19500;20500;21500;22500;23500;24500;25500;26500,333 days 12:00:00,2024-10-28 00:00:00
12.01.2024,ТО-500,4.5,500,Самосвал карьерный 785C №401,8500.0,500;1500;2500;3500;4500;5500;6500;7500;8500;9500;10500;11500;12500;13500;14500;15500;16500;17500;18500;19500;20500;21500;22500;23500;24500;25500;26500,377 days 22:00:00,2025-01-24 20:00:00
26.02.2024,ТО-500,4.5,500,Самосвал карьерный 785C №401,9500.0,500;1500;2500;3500;4500;5500;6500;7500;8500;9500;10500;11500;12500;13500;14500;15500;16500;17500;18500;19500;20500;21500;22500;23500;24500;25500;26500,422 days 09:30:00,2025-04-23 19:00:00
10.04.2024,ТО-500,4.5,500,Самосвал карьерный 785C №401,10500.0,500;1500;2500;3500;4500;5500;6500;7500;8500;9500;10500;11500;12500;13500;14500;15500;16500;17500;18500;19500;20500;21500;22500;23500;24500;25500;26500,466 days 19:30:00,2025-07-21 15:00:00
25.05.2024,ТО-500,4.5,500,Самосвал карьерный 785C №401,11500.0,500;1500;2500;3500;4500;5500;6500;7500;8500;9500;10500;11500;12500;13500;14500;15500;16500;17500;18500;19500;20500;21500;22500;23500;24500;25500;26500,511 days 07:00:00,2025-10-18 14:00:00
08.07.2024,ТО-500,4.5,500,Самосвал карьерный 785C №401,12500.0,500;1500;2500;3500;4500;5500;6500;7500;8500;9500;10500;11500;12500;13500;14500;15500;16500;17500;18500;19500;20500;21500;22500;23500;24500;25500;26500,555 days 17:00:00,2026-01-15 10:00:00
22.08.2024,ТО-500,4.5,500,Самосвал карьерный 785C №401,13500.0,500;1500;2500;3500;4500;5500;6500;7500;8500;9500;10500;11500;12500;13500;14500;15500;16500;17500;18500;19500;20500;21500;22500;23500;24500;25500;26500,600 days 04:30:00,2026-04-14 09:00:00
05.10.2024,ТО-500,4.5,500,Самосвал карьерный 785C №401,14500.0,500;1500;2500;3500;4500;5500;6500;7500;8500;9500;10500;11500;12500;13500;14500;15500;16500;17500;18500;19500;20500;21500;22500;23500;24500;25500;26500,644 days 14:30:00,2026-07-12 05:00:00
19.11.2024,ТО-500,4.5,500,Самосвал карьерный 785C №401,15500.0,500;1500;2500;3500;4500;5500;6500;7500;8500;9500;10500;11500;12500;13500;14500;15500;16500;17500;18500;19500;20500;21500;22500;23500;24500;25500;26500,689 days 00:30:00,2026-10-09 01:00:00
02.01.2025,ТО-500,4.5,500,Самосвал карьерный 785C №401,16500.0,500;1500;2500;3500;4500;5500;6500;7500;8500;9500;10500;11500;12500;13500;14500;15500;16500;17500;18500;19500;20500;21500;22500;23500;24500;25500;26500,733 days 12:00:00,2027-01-06 00:00:00
15.02.2025,ТО-500,4.5,500,Самосвал карьерный 785C №401,17500.0,500;1500;2500;3500;4500;5500;6500;7500;8500;9500;10500;11500;12500;13500;14500;15500;16500;17500;18500;19500;20500;21500;22500;23500;24500;25500;26500,777 days 22:00:00,2027-04-04 20:00:00
01.04.2025,ТО-500,4.5,500,Самосвал карьерный 785C №401,18500.0,500;1500;2500;3500;4500;5500;6500;7500;8500;9500;10500;11500;12500;13500;14500;15500;16500;17500;18500;19500;20500;21500;22500;23500;24500;25500;26500,822 days 09:30:00,2027-07-02 19:00:00
15.05.2025,ТО-500,4.5,500,Самосвал карьерный 785C №401,19500.0,500;1500;2500;3500;4500;5500;6500;7500;8500;9500;10500;11500;12500;13500;14500;15500;16500;17500;18500;19500;20500;21500;22500;23500;24500;25500;26500,866 days 19:30:00,2027-09-29 15:00:00
29.06.2025,ТО-500,4.5,500,Самосвал карьерный 785C №401,20500.0,500;1500;2500;3500;4500;5500;6500;7500;8500;9500;10500;11500;12500;13500;14500;15500;16500;17500;18500;19500;20500;21500;22500;23500;24500;25500;26500,911 days 07:00:00,2027-12-27 14:00:00
12.08.2025,ТО-500,4.5,500,Самосвал карьерный 785C №401,21500.0,500;1500;2500;3500;4500;5500;6500;7500;8500;9500;10500;11500;12500;13500;14500;15500;16500;17500;18500;19500;20500;21500;22500;23500;24500;25500;26500,955 days 17:00:00,2028-03-25 10:00:00
26.09.2025,ТО-500,4.5,500,Самосвал карьерный 785C №401,22500.0,500;1500;2500;3500;4500;5500;6500;7500;8500;9500;10500;11500;12500;13500;14500;15500;16500;17500;18500;19500;20500;21500;22500;23500;24500;25500;26500,1000 days 04:30:00,2028-06-22 09:00:00
09.11.2025,ТО-500,4.5,500,Самосвал карьерный 785C №401,23500.0,500;1500;2500;3500;4500;5500;6500;7500;8500;9500;10500;11500;12500;13500;14500;15500;16500;17500;18500;19500;20500;21500;22500;23500;24500;25500;26500,1044 days 14:30:00,2028-09-19 05:00:00
24.12.2025,ТО-500,4.5,500,Самосвал карьерный 785C №401,24500.0,500;1500;2500;3500;4500;5500;6500;7500;8500;9500;10500;11500;12500;13500;14500;15500;16500;17500;18500;19500;20500;21500;22500;23500;24500;25500;26500,1089 days 00:30:00,2028-12-17 01:00:00
13.02.2023,ТО-1000,5.9,1000,Самосвал карьерный 785C №401,1000.0,1000;3000;5000;7000;9000;11000;13000;15000;17000;19000;21000;23000;25000,44 days 15:54:00,2023-03-30 07:48:00
13.05.2023,ТО-1000,5.9,1000,Самосвал карьерный 785C №401,3000.0,1000;3000;5000;7000;9000;11000;13000;15000;17000;19000;21000;23000;25000,133 days 13:24:00,2023-09-24 02:48:00
10.08.2023,ТО-1000,5.9,1000,Самосвал карьерный 785C №401,5000.0,1000;3000;5000;7000;9000;11000;13000;15000;17000;19000;21000;23000;25000,222 days 10:54:00,2024-03-19 21:48:00
07.11.2023,ТО-1000,5.9,1000,Самосвал карьерный 785C №401,7000.0,1000;3000;5000;7000;9000;11000;13000;15000;17000;19000;21000;23000;25000,311 days 08:24:00,2024-09-13 16:48:00
04.02.2024,ТО-1000,5.9,1000,Самосвал карьерный 785C №401,9000.0,1000;3000;5000;7000;9000;11000;13000;15000;17000;19000;21000;23000;25000,400 days 05:54:00,2025-03-10 11:48:00
03.05.2024,ТО-1000,5.9,1000,Самосвал карьерный 785C №401,11000.0,1000;3000;5000;7000;9000;11000;13000;15000;17000;19000;21000;23000;25000,489 days 01:54:00,2025-09-04 03:48:00
30.07.2024,ТО-1000,5.9,1000,Самосвал карьерный 785C №401,13000.0,1000;3000;5000;7000;9000;11000;13000;15000;17000;19000;21000;23000;25000,577 days 23:24:00,2026-02-28 22:48:00
27.10.2024,ТО-1000,5.9,1000,Самосвал карьерный 785C №401,15000.0,1000;3000;5000;7000;9000;11000;13000;15000;17000;19000;21000;23000;25000,666 days 20:54:00,2026-08-25 17:48:00
24.01.2025,ТО-1000,5.9,1000,Самосвал карьерный 785C №401,17000.0,1000;3000;5000;7000;9000;11000;13000;15000;17000;19000;21000;23000;25000,755 days 18:24:00,2027-02-19 12:48:00
23.04.2025,ТО-1000,5.9,1000,Самосвал карьерный 785C №401,19000.0,1000;3000;5000;7000;9000;11000;13000;15000;17000;19000;21000;23000;25000,844 days 15:54:00,2027-08-16 07:48:00
21.07.2025,ТО-1000,5.9,1000,Самосвал карьерный 785C №401,21000.0,1000;3000;5000;7000;9000;11000;13000;15000;17000;19000;21000;23000;25000,933 days 13:24:00,2028-02-10 02:48:00
18.10.2025,ТО-1000,5.9,1000,Самосвал карьерный 785C №401,23000.0,1000;3000;5000;7000;9000;11000;13000;15000;17000;19000;21000;23000;25000,1022 days 10:54:00,2028-08-05 21:48:00
30.03.2023,ТО-2000,6.7,2000,Самосвал карьерный 785C №401,2000.0,2000;14000;22000;26000,89 days 02:42:00,2023-06-27 05:24:00
13.09.2024,ТО-2000,6.7,2000,Самосвал карьерный 785C №401,14000.0,2000;14000;22000;26000,622 days 11:42:00,2026-05-28 23:24:00
04.09.2025,ТО-2000,6.7,2000,Самосвал карьерный 785C №401,22000.0,2000;14000;22000;26000,978 days 00:12:00,2028-05-09 00:24:00
27.06.2023,ТО-4000,12.3,4000,Самосвал карьерный 785C №401,4000.0,4000;8000;16000;20000,178 days 05:48:00,2023-12-22 11:36:00
22.12.2023,ТО-4000,12.3,4000,Самосвал карьерный 785C №401,8000.0,4000;8000;16000;20000,356 days 00:48:00,2024-12-12 01:36:00
11.12.2024,ТО-4000,12.3,4000,Самосвал карьерный 785C №401,16000.0,4000;8000;16000;20000,711 days 14:48:00,2026-11-23 05:36:00
07.06.2025,ТО-4000,12.3,4000,Самосвал карьерный 785C №401,20000.0,4000;8000;16000;20000,889 days 08:18:00,2027-11-13 16:36:00
23.09.2023,ТО-6000,8.9,6000,Самосвал карьерный 785C №401,6000.0,6000;18000,266 days 23:54:00,2024-06-16 23:48:00
10.03.2025,ТО-6000,8.9,6000,Самосвал карьерный 785C №401,18000.0,6000;18000,800 days 08:54:00,2027-05-19 17:48:00
16.06.2024,ТО-12000,10.6,12000,Самосвал карьерный 785C №401,,,533 days 18:06:00,2025-12-02 12:12:00
02.12.2025,ТО-12000,10.6,12000,Самосвал карьерный 785C №401,,,533 days 18:06:00,2027-05-20 06:18:00
27.06.2023,ТО доп систем,10.0,4000,Самосвал карьерный 785C №401,,,178 days 03:30:00,2023-12-22 07:00:00
22.12.2023,ТО доп систем,10.0,4000,Самосвал карьерный 785C №401,,,178 days 03:30:00,2024-06-17 10:30:00
17.06.2024,ТО доп систем,10.0,4000,Самосвал карьерный 785C №401,,,178 days 03:30:00,2024-12-12 14:00:00
12.12.2024,ТО доп систем,10.0,4000,Самосвал карьерный 785C №401,,,178 days 03:30:00,2025-06-08 17:30:00
08.06.2025,ТО доп систем,10.0,4000,Самосвал карьерный 785C №401,,,178 days 03:30:00,2025-12-03 21:00:00
03.12.2025,ТО доп систем,10.0,4000,Самосвал карьерный 785C №401,,,178 days 03:30:00,2026-05-31 00:30:00
11.01.2023,ТР,14.0,250,Самосвал карьерный 785C №401,250.0,250;750;1250;1750;2250;2750;3250;3750;4250;4750;5250;5750;6250;6750;7250;7750;8250;8750;9250;9750;10250;10750;11250;11750;12250;12750;13250;13750;14250;14750;15250;15750;16250;16750;17250;17750;18250;18750;19250;19750;20250;20750;21250;21750;22250;22750;23250;23750;24250;24750;25250;25750;26250;26750,11 days 16:30:00,2023-01-23 09:00:00
02.02.2023,ТР,14.0,250,Самосвал карьерный 785C №401,750.0,250;750;1250;1750;2250;2750;3250;3750;4250;4750;5250;5750;6250;6750;7250;7750;8250;8750;9250;9750;10250;10750;11250;11750;12250;12750;13250;13750;14250;14750;15250;15750;16250;16750;17250;17750;18250;18750;19250;19750;20250;20750;21250;21750;22250;22750;23250;23750;24250;24750;25250;25750;26250;26750,33 days 21:30:00,2023-03-08 19:00:00
25.02.2023,ТР,14.0,250,Самосвал карьерный 785C №401,1250.0,250;750;1250;1750;2250;2750;3250;3750;4250;4750;5250;5750;6250;6750;7250;7750;8250;8750;9250;9750;10250;10750;11250;11750;12250;12750;13250;13750;14250;14750;15250;15750;16250;16750;17250;17750;18250;18750;19250;19750;20250;20750;21250;21750;22250;22750;23250;23750;24250;24750;25250;25750;26250;26750,56 days 02:30:00,2023-04-22 05:00:00
19.03.2023,ТР,14.0,250,Самосвал карьерный 785C №401,1750.0,250;750;1250;1750;2250;2750;3250;3750;4250;4750;5250;5750;6250;6750;7250;7750;8250;8750;9250;9750;10250;10750;11250;11750;12250;12750;13250;13750;14250;14750;15250;15750;16250;16750;17250;17750;18250;18750;19250;19750;20250;20750;21250;21750;22250;22750;23250;23750;24250;24750;25250;25750;26250;26750,78 days 07:30:00,2023-06-05 15:00:00
10.04.2023,ТР,14.0,250,Самосвал карьерный 785C №401,2250.0,250;750;1250;1750;2250;2750;3250;3750;4250;4750;5250;5750;6250;6750;7250;7750;8250;8750;9250;9750;10250;10750;11250;11750;12250;12750;13250;13750;14250;14750;15250;15750;16250;16750;17250;17750;18250;18750;19250;19750;20250;20750;21250;21750;22250;22750;23250;23750;24250;24750;25250;25750;26250;26750,100 days 14:00:00,2023-07-20 04:00:00
02.05.2023,ТР,14.0,250,Самосвал карьерный 785C №401,2750.0,250;750;1250;1750;2250;2750;3250;3750;4250;4750;5250;5750;6250;6750;7250;7750;8250;8750;9250;9750;10250;10750;11250;11750;12250;12750;13250;13750;14250;14750;15250;15750;16250;16750;17250;17750;18250;18750;19250;19750;20250;20750;21250;21750;22250;22750;23250;23750;24250;24750;25250;25750;26250;26750,122 days 19:00:00,2023-09-02 14:00:00
25.05.2023,ТР,14.0,250,Самосвал карьерный 785C №401,3250.0,250;750;1250;1750;2250;2750;3250;3750;4250;4750;5250;5750;6250;6750;7250;7750;8250;8750;9250;9750;10250;10750;11250;11750;12250;12750;13250;13750;14250;14750;15250;15750;16250;16750;17250;17750;18250;18750;19250;19750;20250;20750;21250;21750;22250;22750;23250;23750;24250;24750;25250;25750;26250;26750,145 days 00:00:00,2023-10-17 00:00:00
16.06.2023,ТР,14.0,250,Самосвал карьерный 785C №401,3750.0,250;750;1250;1750;2250;2750;3250;3750;4250;4750;5250;5750;6250;6750;7250;7750;8250;8750;9250;9750;10250;10750;11250;11750;12250;12750;13250;13750;14250;14750;15250;15750;16250;16750;17250;17750;18250;18750;19250;19750;20250;20750;21250;21750;22250;22750;23250;23750;24250;24750;25250;25750;26250;26750,167 days 05:00:00,2023-11-30 10:00:00
08.07.2023,ТР,14.0,250,Самосвал карьерный 785C №401,4250.0,250;750;1250;1750;2250;2750;3250;3750;4250;4750;5250;5750;6250;6750;7250;7750;8250;8750;9250;9750;10250;10750;11250;11750;12250;12750;13250;13750;14250;14750;15250;15750;16250;16750;17250;17750;18250;18750;19250;19750;20250;20750;21250;21750;22250;22750;23250;23750;24250;24750;25250;25750;26250;26750,189 days 10:00:00,2024-01-13 20:00:00
30.07.2023,ТР,14.0,250,Самосвал карьерный 785C №401,4750.0,250;750;1250;1750;2250;2750;3250;3750;4250;4750;5250;5750;6250;6750;7250;7750;8250;8750;9250;9750;10250;10750;11250;11750;12250;12750;13250;13750;14250;14750;15250;15750;16250;16750;17250;17750;18250;18750;19250;19750;20250;20750;21250;21750;22250;22750;23250;23750;24250;24750;25250;25750;26250;26750,211 days 16:30:00,2024-02-27 09:00:00
21.08.2023,ТР,14.0,250,Самосвал карьерный 785C №401,5250.0,250;750;1250;1750;2250;2750;3250;3750;4250;4750;5250;5750;6250;6750;7250;7750;8250;8750;9250;9750;10250;10750;11250;11750;12250;12750;13250;13750;14250;14750;15250;15750;16250;16750;17250;17750;18250;18750;19250;19750;20250;20750;21250;21750;22250;22750;23250;23750;24250;24750;25250;25750;26250;26750,233 days 21:30:00,2024-04-11 19:00:00
13.09.2023,ТР,14.0,250,Самосвал карьерный 785C №401,5750.0,250;750;1250;1750;2250;2750;3250;3750;4250;4750;5250;5750;6250;6750;7250;7750;8250;8750;9250;9750;10250;10750;11250;11750;12250;12750;13250;13750;14250;14750;15250;15750;16250;16750;17250;17750;18250;18750;19250;19750;20250;20750;21250;21750;22250;22750;23250;23750;24250;24750;25250;25750;26250;26750,256 days 02:30:00,2024-05-26 05:00:00
05.10.2023,ТР,14.0,250,Самосвал карьерный 785C №401,6250.0,250;750;1250;1750;2250;2750;3250;3750;4250;4750;5250;5750;6250;6750;7250;7750;8250;8750;9250;9750;10250;10750;11250;11750;12250;12750;13250;13750;14250;14750;15250;15750;16250;16750;17250;17750;18250;18750;19250;19750;20250;20750;21250;21750;22250;22750;23250;23750;24250;24750;25250;25750;26250;26750,278 days 07:30:00,2024-07-09 15:00:00
27.10.2023,ТР,14.0,250,Самосвал карьерный 785C №401,6750.0,250;750;1250;1750;2250;2750;3250;3750;4250;4750;5250;5750;6250;6750;7250;7750;8250;8750;9250;9750;10250;10750;11250;11750;12250;12750;13250;13750;14250;14750;15250;15750;16250;16750;17250;17750;18250;18750;19250;19750;20250;20750;21250;21750;22250;22750;23250;23750;24250;24750;25250;25750;26250;26750,300 days 14:00:00,2024-08-23 04:00:00
18.11.2023,ТР,14.0,250,Самосвал карьерный 785C №401,7250.0,250;750;1250;1750;2250;2750;3250;3750;4250;4750;5250;5750;6250;6750;7250;7750;8250;8750;9250;9750;10250;10750;11250;11750;12250;12750;13250;13750;14250;14750;15250;15750;16250;16750;17250;17750;18250;18750;19250;19750;20250;20750;21250;21750;22250;22750;23250;23750;24250;24750;25250;25750;26250;26750,322 days 19:00:00,2024-10-06 14:00:00
11.12.2023,ТР,14.0,250,Самосвал карьерный 785C №401,7750.0,250;750;1250;1750;2250;2750;3250;3750;4250;4750;5250;5750;6250;6750;7250;7750;8250;8750;9250;9750;10250;10750;11250;11750;12250;12750;13250;13750;14250;14750;15250;15750;16250;16750;17250;17750;18250;18750;19250;19750;20250;20750;21250;21750;22250;22750;23250;23750;24250;24750;25250;25750;26250;26750,345 days 00:00:00,2024-11-20 00:00:00
02.01.2024,ТР,14.0,250,Самосвал карьерный 785C №401,8250.0,250;750;1250;1750;2250;2750;3250;3750;4250;4750;5250;5750;6250;6750;7250;7750;8250;8750;9250;9750;10250;10750;11250;11750;12250;12750;13250;13750;14250;14750;15250;15750;16250;16750;17250;17750;18250;18750;19250;19750;20250;20750;21250;21750;22250;22750;23250;23750;24250;24750;25250;25750;26250;26750,367 days 05:00:00,2025-01-03 10:00:00
24.01.2024,ТР,14.0,250,Самосвал карьерный 785C №401,8750.0,250;750;1250;1750;2250;2750;3250;3750;4250;4750;5250;5750;6250;6750;7250;7750;8250;8750;9250;9750;10250;10750;11250;11750;12250;12750;13250;13750;14250;14750;15250;15750;16250;16750;17250;17750;18250;18750;19250;19750;20250;20750;21250;21750;22250;22750;23250;23750;24250;24750;25250;25750;26250;26750,389 days 10:00:00,2025-02-16 20:00:00
15.02.2024,ТР,14.0,250,Самосвал карьерный 785C №401,9250.0,250;750;1250;1750;2250;2750;3250;3750;4250;4750;5250;5750;6250;6750;7250;7750;8250;8750;9250;9750;10250;10750;11250;11750;12250;12750;13250;13750;14250;14750;15250;15750;16250;16750;17250;17750;18250;18750;19250;19750;20250;20750;21250;21750;22250;22750;23250;23750;24250;24750;25250;25750;26250;26750,411 days 16:30:00,2025-04-02 09:00:00
08.03.2024,ТР,14.0,250,Самосвал карьерный 785C №401,9750.0,250;750;1250;1750;2250;2750;3250;3750;4250;4750;5250;5750;6250;6750;7250;7750;8250;8750;9250;9750;10250;10750;11250;11750;12250;12750;13250;13750;14250;14750;15250;15750;16250;16750;17250;17750;18250;18750;19250;19750;20250;20750;21250;21750;22250;22750;23250;23750;24250;24750;25250;25750;26250;26750,433 days 21:30:00,2025-05-16 19:00:00
31.03.2024,ТР,14.0,250,Самосвал карьерный 785C №401,10250.0,250;750;1250;1750;2250;2750;3250;3750;4250;4750;5250;5750;6250;6750;7250;7750;8250;8750;9250;9750;10250;10750;11250;11750;12250;12750;13250;13750;14250;14750;15250;15750;16250;16750;17250;17750;18250;18750;19250;19750;20250;20750;21250;21750;22250;22750;23250;23750;24250;24750;25250;25750;26250;26750,456 days 02:30:00,2025-06-30 05:00:00
22.04.2024,ТР,14.0,250,Самосвал карьерный 785C №401,10750.0,250;750;1250;1750;2250;2750;3250;3750;4250;4750;5250;5750;6250;6750;7250;7750;8250;8750;9250;9750;10250;10750;11250;11750;12250;12750;13250;13750;14250;14750;15250;15750;16250;16750;17250;17750;18250;18750;19250;19750;20250;20750;21250;21750;22250;22750;23250;23750;24250;24750;25250;25750;26250;26750,478 days 07:30:00,2025-08-13 15:00:00
14.05.2024,ТР,14.0,250,Самосвал карьерный 785C №401,11250.0,250;750;1250;1750;2250;2750;3250;3750;4250;4750;5250;5750;6250;6750;7250;7750;8250;8750;9250;9750;10250;10750;11250;11750;12250;12750;13250;13750;14250;14750;15250;15750;16250;16750;17250;17750;18250;18750;19250;19750;20250;20750;21250;21750;22250;22750;23250;23750;24250;24750;25250;25750;26250;26750,500 days 14:00:00,2025-09-27 04:00:00
05.06.2024,ТР,14.0,250,Самосвал карьерный 785C №401,11750.0,250;750;1250;1750;2250;2750;3250;3750;4250;4750;5250;5750;6250;6750;7250;7750;8250;8750;9250;9750;10250;10750;11250;11750;12250;12750;13250;13750;14250;14750;15250;15750;16250;16750;17250;17750;18250;18750;19250;19750;20250;20750;21250;21750;22250;22750;23250;23750;24250;24750;25250;25750;26250;26750,522 days 19:00:00,2025-11-10 14:00:00
28.06.2024,ТР,14.0,250,Самосвал карьерный 785C №401,12250.0,250;750;1250;1750;2250;2750;3250;3750;4250;4750;5250;5750;6250;6750;7250;7750;8250;8750;9250;9750;10250;10750;11250;11750;12250;12750;13250;13750;14250;14750;15250;15750;16250;16750;17250;17750;18250;18750;19250;19750;20250;20750;21250;21750;22250;22750;23250;23750;24250;24750;25250;25750;26250;26750,545 days 00:00:00,2025-12-25 00:00:00
20.07.2024,ТР,14.0,250,Самосвал карьерный 785C №401,12750.0,250;750;1250;1750;2250;2750;3250;3750;4250;4750;5250;5750;6250;6750;7250;7750;8250;8750;9250;9750;10250;10750;11250;11750;12250;12750;13250;13750;14250;14750;15250;15750;16250;16750;17250;17750;18250;18750;19250;19750;20250;20750;21250;21750;22250;22750;23250;23750;24250;24750;25250;25750;26250;26750,567 days 05:00:00,2026-02-07 10:00:00
11.08.2024,ТР,14.0,250,Самосвал карьерный 785C №401,13250.0,250;750;1250;1750;2250;2750;3250;3750;4250;4750;5250;5750;6250;6750;7250;7750;8250;8750;9250;9750;10250;10750;11250;11750;12250;12750;13250;13750;14250;14750;15250;15750;16250;16750;17250;17750;18250;18750;19250;19750;20250;20750;21250;21750;22250;22750;23250;23750;24250;24750;25250;25750;26250;26750,589 days 10:00:00,2026-03-23 20:00:00
02.09.2024,ТР,14.0,250,Самосвал карьерный 785C №401,13750.0,250;750;1250;1750;2250;2750;3250;3750;4250;4750;5250;5750;6250;6750;7250;7750;8250;8750;9250;9750;10250;10750;11250;11750;12250;12750;13250;13750;14250;14750;15250;15750;16250;16750;17250;17750;18250;18750;19250;19750;20250;20750;21250;21750;22250;22750;23250;23750;24250;24750;25250;25750;26250;26750,611 days 16:30:00,2026-05-07 09:00:00
24.09.2024,ТР,14.0,250,Самосвал карьерный 785C №401,14250.0,250;750;1250;1750;2250;2750;3250;3750;4250;4750;5250;5750;6250;6750;7250;7750;8250;8750;9250;9750;10250;10750;11250;11750;12250;12750;13250;13750;14250;14750;15250;15750;16250;16750;17250;17750;18250;18750;19250;19750;20250;20750;21250;21750;22250;22750;23250;23750;24250;24750;25250;25750;26250;26750,633 days 21:30:00,2026-06-20 19:00:00
17.10.2024,ТР,14.0,250,Самосвал карьерный 785C №401,14750.0,250;750;1250;1750;2250;2750;3250;3750;4250;4750;5250;5750;6250;6750;7250;7750;8250;8750;9250;9750;10250;10750;11250;11750;12250;12750;13250;13750;14250;14750;15250;15750;16250;16750;17250;17750;18250;18750;19250;19750;20250;20750;21250;21750;22250;22750;23250;23750;24250;24750;25250;25750;26250;26750,656 days 02:30:00,2026-08-04 05:00:00
08.11.2024,ТР,14.0,250,Самосвал карьерный 785C №401,15250.0,250;750;1250;1750;2250;2750;3250;3750;4250;4750;5250;5750;6250;6750;7250;7750;8250;8750;9250;9750;10250;10750;11250;11750;12250;12750;13250;13750;14250;14750;15250;15750;16250;16750;17250;17750;18250;18750;19250;19750;20250;20750;21250;21750;22250;22750;23250;23750;24250;24750;25250;25750;26250;26750,678 days 07:30:00,2026-09-17 15:00:00
30.11.2024,ТР,14.0,250,Самосвал карьерный 785C №401,15750.0,250;750;1250;1750;2250;2750;3250;3750;4250;4750;5250;5750;6250;6750;7250;7750;8250;8750;9250;9750;10250;10750;11250;11750;12250;12750;13250;13750;14250;14750;15250;15750;16250;16750;17250;17750;18250;18750;19250;19750;20250;20750;21250;21750;22250;22750;23250;23750;24250;24750;25250;25750;26250;26750,700 days 14:00:00,2026-11-01 04:00:00
22.12.2024,ТР,14.0,250,Самосвал карьерный 785C №401,16250.0,250;750;1250;1750;2250;2750;3250;3750;4250;4750;5250;5750;6250;6750;7250;7750;8250;8750;9250;9750;10250;10750;11250;11750;12250;12750;13250;13750;14250;14750;15250;15750;16250;16750;17250;17750;18250;18750;19250;19750;20250;20750;21250;21750;22250;22750;23250;23750;24250;24750;25250;25750;26250;26750,722 days 19:00:00,2026-12-15 14:00:00
14.01.2025,ТР,14.0,250,Самосвал карьерный 785C №401,16750.0,250;750;1250;1750;2250;2750;3250;3750;4250;4750;5250;5750;6250;6750;7250;7750;8250;8750;9250;9750;10250;10750;11250;11750;12250;12750;13250;13750;14250;14750;15250;15750;16250;16750;17250;17750;18250;18750;19250;19750;20250;20750;21250;21750;22250;22750;23250;23750;24250;24750;25250;25750;26250;26750,745 days 00:00:00,2027-01-29 00:00:00
05.02.2025,ТР,14.0,250,Самосвал карьерный 785C №401,17250.0,250;750;1250;1750;2250;2750;3250;3750;4250;4750;5250;5750;6250;6750;7250;7750;8250;8750;9250;9750;10250;10750;11250;11750;12250;12750;13250;13750;14250;14750;15250;15750;16250;16750;17250;17750;18250;18750;19250;19750;20250;20750;21250;21750;22250;22750;23250;23750;24250;24750;25250;25750;26250;26750,767 days 05:00:00,2027-03-14 10:00:00
27.02.2025,ТР,14.0,250,Самосвал карьерный 785C №401,17750.0,250;750;1250;1750;2250;2750;3250;3750;4250;4750;5250;5750;6250;6750;7250;7750;8250;8750;9250;9750;10250;10750;11250;11750;12250;12750;13250;13750;14250;14750;15250;15750;16250;16750;17250;17750;18250;18750;19250;19750;20250;20750;21250;21750;22250;22750;23250;23750;24250;24750;25250;25750;26250;26750,789 days 10:00:00,2027-04-27 20:00:00
21.03.2025,ТР,14.0,250,Самосвал карьерный 785C №401,18250.0,250;750;1250;1750;2250;2750;3250;3750;4250;4750;5250;5750;6250;6750;7250;7750;8250;8750;9250;9750;10250;10750;11250;11750;12250;12750;13250;13750;14250;14750;15250;15750;16250;16750;17250;17750;18250;18750;19250;19750;20250;20750;21250;21750;22250;22750;23250;23750;24250;24750;25250;25750;26250;26750,811 days 16:30:00,2027-06-11 09:00:00
12.04.2025,ТР,14.0,250,Самосвал карьерный 785C №401,18750.0,250;750;1250;1750;2250;2750;3250;3750;4250;4750;5250;5750;6250;6750;7250;7750;8250;8750;9250;9750;10250;10750;11250;11750;12250;12750;13250;13750;14250;14750;15250;15750;16250;16750;17250;17750;18250;18750;19250;19750;20250;20750;21250;21750;22250;22750;23250;23750;24250;24750;25250;25750;26250;26750,833 days 21:30:00,2027-07-25 19:00:00
05.05.2025,ТР,14.0,250,Самосвал карьерный 785C №401,19250.0,250;750;1250;1750;2250;2750;3250;3750;4250;4750;5250;5750;6250;6750;7250;7750;8250;8750;9250;9750;10250;10750;11250;11750;12250;12750;13250;13750;14250;14750;15250;15750;16250;16750;17250;17750;18250;18750;19250;19750;20250;20750;21250;21750;22250;22750;23250;23750;24250;24750;25250;25750;26250;26750,856 days 02:30:00,2027-09-08 05:00:00
27.05.2025,ТР,14.0,250,Самосвал карьерный 785C №401,19750.0,250;750;1250;1750;2250;2750;3250;3750;4250;4750;5250;5750;6250;6750;7250;7750;8250;8750;9250;9750;10250;10750;11250;11750;12250;12750;13250;13750;14250;14750;15250;15750;16250;16750;17250;17750;18250;18750;19250;19750;20250;20750;21250;21750;22250;22750;23250;23750;24250;24750;25250;25750;26250;26750,878 days 07:30:00,2027-10-22 15:00:00
18.06.2025,ТР,14.0,250,Самосвал карьерный 785C №401,20250.0,250;750;1250;1750;2250;2750;3250;3750;4250;4750;5250;5750;6250;6750;7250;7750;8250;8750;9250;9750;10250;10750;11250;11750;12250;12750;13250;13750;14250;14750;15250;15750;16250;16750;17250;17750;18250;18750;19250;19750;20250;20750;21250;21750;22250;22750;23250;23750;24250;24750;25250;25750;26250;26750,900 days 14:00:00,2027-12-06 04:00:00
10.07.2025,ТР,14.0,250,Самосвал карьерный 785C №401,20750.0,250;750;1250;1750;2250;2750;3250;3750;4250;4750;5250;5750;6250;6750;7250;7750;8250;8750;9250;9750;10250;10750;11250;11750;12250;12750;13250;13750;14250;14750;15250;15750;16250;16750;17250;17750;18250;18750;19250;19750;20250;20750;21250;21750;22250;22750;23250;23750;24250;24750;25250;25750;26250;26750,922 days 19:00:00,2028-01-19 14:00:00
02.08.2025,ТР,14.0,250,Самосвал карьерный 785C №401,21250.0,250;750;1250;1750;2250;2750;3250;3750;4250;4750;5250;5750;6250;6750;7250;7750;8250;8750;9250;9750;10250;10750;11250;11750;12250;12750;13250;13750;14250;14750;15250;15750;16250;16750;17250;17750;18250;18750;19250;19750;20250;20750;21250;21750;22250;22750;23250;23750;24250;24750;25250;25750;26250;26750,945 days 00:00:00,2028-03-04 00:00:00
24.08.2025,ТР,14.0,250,Самосвал карьерный 785C №401,21750.0,250;750;1250;1750;2250;2750;3250;3750;4250;4750;5250;5750;6250;6750;7250;7750;8250;8750;9250;9750;10250;10750;11250;11750;12250;12750;13250;13750;14250;14750;15250;15750;16250;16750;17250;17750;18250;18750;19250;19750;20250;20750;21250;21750;22250;22750;23250;23750;24250;24750;25250;25750;26250;26750,967 days 05:00:00,2028-04-17 10:00:00
15.09.2025,ТР,14.0,250,Самосвал карьерный 785C №401,22250.0,250;750;1250;1750;2250;2750;3250;3750;4250;4750;5250;5750;6250;6750;7250;7750;8250;8750;9250;9750;10250;10750;11250;11750;12250;12750;13250;13750;14250;14750;15250;15750;16250;16750;17250;17750;18250;18750;19250;19750;20250;20750;21250;21750;22250;22750;23250;23750;24250;24750;25250;25750;26250;26750,989 days 10:00:00,2028-05-31 20:00:00
07.10.2025,ТР,14.0,250,Самосвал карьерный 785C №401,22750.0,250;750;1250;1750;2250;2750;3250;3750;4250;4750;5250;5750;6250;6750;7250;7750;8250;8750;9250;9750;10250;10750;11250;11750;12250;12750;13250;13750;14250;14750;15250;15750;16250;16750;17250;17750;18250;18750;19250;19750;20250;20750;21250;21750;22250;22750;23250;23750;24250;24750;25250;25750;26250;26750,1011 days 16:30:00,2028-07-15 09:00:00
29.10.2025,ТР,14.0,250,Самосвал карьерный 785C №401,23250.0,250;750;1250;1750;2250;2750;3250;3750;4250;4750;5250;5750;6250;6750;7250;7750;8250;8750;9250;9750;10250;10750;11250;11750;12250;12750;13250;13750;14250;14750;15250;15750;16250;16750;17250;17750;18250;18750;19250;19750;20250;20750;21250;21750;22250;22750;23250;23750;24250;24750;25250;25750;26250;26750,1033 days 21:30:00,2028-08-28 19:00:00
21.11.2025,ТР,14.0,250,Самосвал карьерный 785C №401,23750.0,250;750;1250;1750;2250;2750;3250;3750;4250;4750;5250;5750;6250;6750;7250;7750;8250;8750;9250;9750;10250;10750;11250;11750;12250;12750;13250;13750;14250;14750;15250;15750;16250;16750;17250;17750;18250;18750;19250;19750;20250;20750;21250;21750;22250;22750;23250;23750;24250;24750;25250;25750;26250;26750,1056 days 02:30:00,2028-10-12 05:00:00
13.12.2025,ТР,14.0,250,Самосвал карьерный 785C №401,24250.0,250;750;1250;1750;2250;2750;3250;3750;4250;4750;5250;5750;6250;6750;7250;7750;8250;8750;9250;9750;10250;10750;11250;11750;12250;12750;13250;13750;14250;14750;15250;15750;16250;16750;17250;17750;18250;18750;19250;19750;20250;20750;21250;21750;22250;22750;23250;23750;24250;24750;25250;25750;26250;26750,1078 days 07:30:00,2028-11-25 15:00:00
27.06.2023,Трдоп.сист.,10.0,4000,Самосвал карьерный 785C №401,4000.0,4000;8000;12000;16000;24000,178 days 03:30:00,2023-12-22 07:00:00
21.12.2023,Трдоп.сист.,10.0,4000,Самосвал карьерный 785C №401,8000.0,4000;8000;12000;16000;24000,355 days 22:30:00,2024-12-11 21:00:00
16.06.2024,Трдоп.сист.,10.0,4000,Самосвал карьерный 785C №401,12000.0,4000;8000;12000;16000;24000,533 days 17:30:00,2025-12-02 11:00:00
11.12.2024,Трдоп.сист.,10.0,4000,Самосвал карьерный 785C №401,16000.0,4000;8000;12000;16000;24000,711 days 12:30:00,2026-11-23 01:00:00
02.12.2025,Трдоп.сист.,10.0,4000,Самосвал карьерный 785C №401,24000.0,4000;8000;12000;16000;24000,1067 days 01:00:00,2028-11-03 02:00:00
31.03.2024,Трсред,282.0,10000,Самосвал карьерный 785C №401,10000.0,10000,456 days 04:00:00,2025-06-30 08:00:00
01.07.2025,КР,600.0,20000,Самосвал карьерный 785C №401,,,913 days 20:00:00,2028-01-01 16:00:00
