,Дата,Категория работ,"Запланированный простой, час","Межсервисная наработка, час",Наименование ЕО
0,01.01.2023,ЕТО,0.33,24,Самосвал карьерный 785C №401
1,02.01.2023,ЕТО,0.33,24,Самосвал карьерный 785C №401
2,03.01.2023,ЕТО,0.33,24,Самосвал карьерный 785C №401
3,04.01.2023,ЕТО,0.33,24,Самосвал карьерный 785C №401
4,05.01.2023,ЕТО,0.33,24,Самосвал карьерный 785C №401
5,06.01.2023,ЕТО,0.33,24,Самосвал карьерный 785C №401
6,07.01.2023,ЕТО,0.33,24,Самосвал карьерный 785C №401
7,08.01.2023,ЕТО,0.33,24,Самосвал карьерный 785C №401
8,09.01.2023,ЕТО,0.33,24,Самосвал карьерный 785C №401
9,10.01.2023,ЕТО,0.33,24,Самосвал карьерный 785C №401
10,11.01.2023,ЕТО,0.33,24,Самосвал карьерный 785C №401
11,12.01.2023,ЕТО,0.33,24,Самосвал карьерный 785C №401
12,13.01.2023,ЕТО,0.33,24,Самосвал карьерный 785C №401
13,14.01.2023,ЕТО,0.33,24,Самосвал карьерный 785C №401
14,15.01.2023,ЕТО,0.33,24,Самосвал карьерный 785C №401
15,16.01.2023,ЕТО,0.33,24,Самосвал карьерный 785C №401
16,17.01.2023,ЕТО,0.33,24,Самосвал карьерный 785C №401
17,18.01.2023,ЕТО,0.33,24,Самосвал карьерный 785C №401
18,19.01.2023,ЕТО,0.33,24,Самосвал карьерный 785C №401
19,20.01.2023,ЕТО,0.33,24,Самосвал карьерный 785C №401
20,21.01.2023,ЕТО,0.33,24,Самосвал карьерный 785C №401
21,22.01.2023,ЕТО,0.33,24,Самосвал карьерный 785C №401
22,23.01.2023,ЕТО,0.33,24,Самосвал карьерный 785C №401
23,24.01.2023,ЕТО,0.33,24,Самосвал карьерный 785C №401
24,25.01.2023,ЕТО,0.33,24,Самосвал карьерный 785C №401
25,26.01.2023,ЕТО,0.33,24,Самосвал карьерный 785C №401
26,27.01.2023,ЕТО,0.33,24,Самосвал карьерный 785C №401
27,28.01.2023,ЕТО,0.33,24,Самосвал карьерный 785C №401
28,29.01.2023,ЕТО,0.33,24,Самосвал карьерный 785C №401
29,30.01.2023,ЕТО,0.33,24,Самосвал карьерный 785C №401
30,31.01.2023,ЕТО,0.33,24,Самосвал карьерный 785C №401
31,01.02.2023,ЕТО,0.33,24,Самосвал карьерный 785C №401
32,02.02.2023,ЕТО,0.33,24,Самосвал карьерный 785C №401
33,03.02.2023,ЕТО,0.33,24,Самосвал карьерный 785C №401
34,04.02.2023,ЕТО,0.33,24,Самосвал карьерный 785C №401
35,05.02.2023,ЕТО,0.33,24,Самосвал карьерный 785C №401
36,06.02.2023,ЕТО,0.33,24,Самосвал карьерный 785C №401
37,07.02.2023,ЕТО,0.33,24,Самосвал карьерный 785C №401
38,08.02.2023,ЕТО,0.33,24,Самосвал карьерный 785C №401
39,09.02.2023,ЕТО,0.33,24,Самосвал карьерный 785C №401
40,10.02.2023,ЕТО,0.33,24,Самосвал карьерный 785C №401
41,11.02.2023,ЕТО,0.33,24,Самосвал карьерный 785C №401
42,12.02.2023,ЕТО,0.33,24,Самосвал карьерный 785C №401
43,13.02.2023,ЕТО,0.33,24,Самосвал карьерный 785C №401
44,14.02.2023,ЕТО,0.33,24,Самосвал карьерный 785C №401
45,15.02.2023,ЕТО,0.33,24,Самосвал карьерный 785C №401
46,16.02.2023,ЕТО,0.33,24,Самосвал карьерный 785C №401
47,17.02.2023,ЕТО,0.33,24,Самосвал карьерный 785C №401
48,18.02.2023,ЕТО,0.33,24,Самосвал карьерный 785C №401
49,19.02.2023,ЕТО,0.33,24,Самосвал карьерный 785C №401
50,20.02.2023,ЕТО,0.33,24,Самосвал карьерный 785C №401
51,21.02.2023,ЕТО,0.33,24,Самосвал карьерный 785C №401
52,22.02.2023,ЕТО,0.33,24,Самосвал карьерный 785C №401
53,23.02.2023,ЕТО,0.33,24,Самосвал карьерный 785C №401
54,24.02.2023,ЕТО,0.33,24,Самосвал карьерный 785C №401
55,25.02.2023,ЕТО,0.33,24,Самосвал карьерный 785C №401
56,26.02.2023,ЕТО,0.33,24,Самосвал карьерный 785C №401
57,27.02.2023,ЕТО,0.33,24,Самосвал карьерный 785C №401
58,28.02.2023,ЕТО,0.33,24,Самосвал карьерный 785C №401
59,01.03.2023,ЕТО,0.33,24,Самосвал карьерный 785C №401
60,02.03.2023,ЕТО,0.33,24,Самосвал карьерный 785C №401
61,03.03.2023,ЕТО,0.33,24,Самосвал карьерный 785C №401
62,04.03.2023,ЕТО,0.33,24,Самосвал карьерный 785C №401
63,05.03.2023,ЕТО,0.33,24,Самосвал карьерный 785C №401
64,06.03.2023,ЕТО,0.33,24,Самосвал карьерный 785C №401
65,07.03.2023,ЕТО,0.33,24,Самосвал карьерный 785C №401
66,08.03.2023,ЕТО,0.33,24,Самосвал карьерный 785C №401
67,09.03.2023,ЕТО,0.33,24,Самосвал карьерный 785C №401
68,10.03.2023,ЕТО,0.33,24,Самосвал карьерный 785C №401
69,11.03.2023,ЕТО,0.33,24,Самосвал карьерный 785C №401
70,12.03.2023,ЕТО,0.33,24,Самосвал карьерный 785C №401
71,13.03.2023,ЕТО,0.33,24,Самосвал карьерный 785C №401
72,14.03.2023,ЕТО,0.33,24,Самосвал карьерный 785C №401
73,15.03.2023,ЕТО,0.33,24,Самосвал карьерный 785C №401
74,16.03.2023,ЕТО,0.33,24,Самосвал карьерный 785C №401
75,17.03.2023,ЕТО,0.33,24,Самосвал карьерный 785C №401
76,18.03.2023,ЕТО,0.33,24,Самосвал карьерный 785C №401
77,19.03.2023,ЕТО,0.33,24,Самосвал карьерный 785C №401
78,20.03.2023,ЕТО,0.33,24,Самосвал карьерный 785C №401
79,21.03.2023,ЕТО,0.33,24,Самосвал карьерный 785C №401
80,22.03.2023,ЕТО,0.33,24,Самосвал карьерный 785C №401
81,23.03.2023,ЕТО,0.33,24,Самосвал карьерный 785C №401
82,24.03.2023,ЕТО,0.33,24,Самосвал карьерный 785C №401
83,25.03.2023,ЕТО,0.33,24,Самосвал карьерный 785C №401
84,26.03.2023,ЕТО,0.33,24,Самосвал карьерный 785C №401
85,27.03.2023,ЕТО,0.33,24,Самосвал карьерный 785C №401
86,28.03.2023,ЕТО,0.33,24,Самосвал карьерный 785C №401
87,29.03.2023,ЕТО,0.33,24,Самосвал карьерный 785C №401
88,30.03.2023,ЕТО,0.33,24,Самосвал карьерный 785C №401
89,31.03.2023,ЕТО,0.33,24,Самосвал карьерный 785C №401
90,01.04.2023,ЕТО,0.33,24,Самосвал карьерный 785C №401
91,02.04.2023,ЕТО,0.33,24,Самосвал карьерный 785C №401
92,03.04.2023,ЕТО,0.33,24,Самосвал карьерный 785C №401
93,04.04.2023,ЕТО,0.33,24,Самосвал карьерный 785C №401
94,05.04.2023,ЕТО,0.33,24,Самосвал карьерный 785C №401
95,06.04.2023,ЕТО,0.33,24,Самосвал карьерный 785C №401
96,07.04.2023,ЕТО,0.33,24,Самосвал карьерный 785C №401
97,08.04.2023,ЕТО,0.33,24,Самосвал карьерный 785C №401
98,09.04.2023,ЕТО,0.33,24,Самосвал карьерный 785C №401
99,10.04.2023,ЕТО,0.33,24,Самосвал карьерный 785C №401
100,11.04.2023,ЕТО,0.33,24,Самосвал карьерный 785C №401
101,12.04.2023,ЕТО,0.33,24,Самосвал карьерный 785C №401
102,13.04.2023,ЕТО,0.33,24,Самосвал карьерный 785C №401
103,14.04.2023,ЕТО,0.33,24,Самосвал карьерный 785C №401
104,15.04.2023,ЕТО,0.33,24,Самосвал карьерный 785C №401
105,16.04.2023,ЕТО,0.33,24,Самосвал карьерный 785C №401
106,17.04.2023,ЕТО,0.33,24,Самосвал карьерный 785C №401
107,18.04.2023,ЕТО,0.33,24,Самосвал карьерный 785C №401
108,19.04.2023,ЕТО,0.33,24,Самосвал карьерный 785C №401
109,20.04.2023,ЕТО,0.33,24,Самосвал карьерный 785C №401
110,21.04.2023,ЕТО,0.33,24,Самосвал карьерный 785C №401
111,22.04.2023,ЕТО,0.33,24,Самосвал карьерный 785C №401
112,23.04.2023,ЕТО,0.33,24,Самосвал карьерный 785C №401
113,24.04.2023,ЕТО,0.33,24,Самосвал карьерный 785C №401
114,25.04.2023,ЕТО,0.33,24,Самосвал карьерный 785C №401
115,26.04.2023,ЕТО,0.33,24,Самосвал карьерный 785C №401
116,27.04.2023,ЕТО,0.33,24,Самосвал карьерный 785C №401
117,28.04.2023,ЕТО,0.33,24,Самосвал карьерный 785C №401
118,29.04.2023,ЕТО,0.33,24,Самосвал карьерный 785C №401
119,30.04.2023,ЕТО,0.33,24,Самосвал карьерный 785C №401
120,01.05.2023,ЕТО,0.33,24,Самосвал карьерный 785C №401
121,02.05.2023,ЕТО,0.33,24,Самосвал карьерный 785C №401
122,03.05.2023,ЕТО,0.33,24,Самосвал карьерный 785C №401
123,04.05.2023,ЕТО,0.33,24,Самосвал карьерный 785C №401
124,05.05.2023,ЕТО,0.33,24,Самосвал карьерный 785C №401
125,06.05.2023,ЕТО,0.33,24,Самосвал карьерный 785C №401
126,07.05.2023,ЕТО,0.33,24,Самосвал карьерный 785C №401
127,08.05.2023,ЕТО,0.33,24,Самосвал карьерный 785C №401
128,09.05.2023,ЕТО,0.33,24,Самосвал карьерный 785C №401
129,10.05.2023,ЕТО,0.33,24,Самосвал карьерный 785C №401
130,11.05.2023,ЕТО,0.33,24,Самосвал карьерный 785C №401
131,12.05.2023,ЕТО,0.33,24,Самосвал карьерный 785C №401
132,13.05.2023,ЕТО,0.33,24,Самосвал карьерный 785C №401
133,14.05.2023,ЕТО,0.33,24,Самосвал карьерный 785C №401
134,15.05.2023,ЕТО,0.33,24,Самосвал карьерный 785C №401
135,16.05.2023,ЕТО,0.33,24,Самосвал карьерный 785C №401
136,17.05.2023,ЕТО,0.33,24,Самосвал карьерный 785C №401
137,18.05.2023,ЕТО,0.33,24,Самосвал карьерный 785C №401
138,19.05.2023,ЕТО,0.33,24,Самосвал карьерный 785C №401
139,20.05.2023,ЕТО,0.33,24,Самосвал карьерный 785C №401
140,21.05.2023,ЕТО,0.33,24,Самосвал карьерный 785C №401
141,22.05.2023,ЕТО,0.33,24,Самосвал карьерный 785C №401
142,23.05.2023,ЕТО,0.33,24,Самосвал карьерный 785C №401
143,24.05.2023,ЕТО,0.33,24,Самосвал карьерный 785C №401
144,25.05.2023,ЕТО,0.33,24,Самосвал карьерный 785C №401
145,26.05.2023,ЕТО,0.33,24,Самосвал карьерный 785C №401
146,27.05.2023,ЕТО,0.33,24,Самосвал карьерный 785C №401
147,28.05.2023,ЕТО,0.33,24,Самосвал карьерный 785C №401
148,29.05.2023,ЕТО,0.33,24,Самосвал карьерный 785C №401
149,30.05.2023,ЕТО,0.33,24,Самосвал карьерный 785C №401
150,31.05.2023,ЕТО,0.33,24,Самосвал карьерный 785C №401
151,01.06.2023,ЕТО,0.33,24,Самосвал карьерный 785C №401
152,02.06.2023,ЕТО,0.33,24,Самосвал карьерный 785C №401
153,03.06.2023,ЕТО,0.33,24,Самосвал карьерный 785C №401
154,04.06.2023,ЕТО,0.33,24,Самосвал карьерный 785C №401
155,05.06.2023,ЕТО,0.33,24,Самосвал карьерный 785C №401
156,06.06.2023,ЕТО,0.33,24,Самосвал карьерный 785C №401
157,07.06.2023,ЕТО,0.33,24,Самосвал карьерный 785C №401
158,08.06.2023,ЕТО,0.33,24,Самосвал карьерный 785C №401
159,09.06.2023,ЕТО,0.33,24,Самосвал карьерный 785C №401
160,10.06.2023,ЕТО,0.33,24,Самосвал карьерный 785C №401
161,11.06.2023,ЕТО,0.33,24,Самосвал карьерный 785C №401
162,12.06.2023,ЕТО,0.33,24,Самосвал карьерный 785C №401
163,13.06.2023,ЕТО,0.33,24,Самосвал карьерный 785C №401
164,14.06.2023,ЕТО,0.33,24,Самосвал карьерный 785C №401
165,15.06.2023,ЕТО,0.33,24,Самосвал карьерный 785C №401
166,16.06.2023,ЕТО,0.33,24,Самосвал карьерный 785C №401
167,17.06.2023,ЕТО,0.33,24,Самосвал карьерный 785C №401
168,18.06.2023,ЕТО,0.33,24,Самосвал карьерный 785C №401
169,19.06.2023,ЕТО,0.33,24,Самосвал карьерный 785C №401
170,20.06.2023,ЕТО,0.33,24,Самосвал карьерный 785C №401
171,21.06.2023,ЕТО,0.33,24,Самосвал карьерный 785C №401
172,22.06.2023,ЕТО,0.33,24,Самосвал карьерный 785C №401
173,23.06.2023,ЕТО,0.33,24,Самосвал карьерный 785C №401
174,24.06.2023,ЕТО,0.33,24,Самосвал карьерный 785C №401
175,25.06.2023,ЕТО,0.33,24,Самосвал карьерный 785C №401
176,26.06.2023,ЕТО,0.33,24,Самосвал карьерный 785C №401
177,27.06.2023,ЕТО,0.33,24,Самосвал карьерный 785C №401
178,28.06.2023,ЕТО,0.33,24,Самосвал карьерный 785C №401
179,29.06.2023,ЕТО,0.33,24,Самосвал карьерный 785C №401
180,30.06.2023,ЕТО,0.33,24,Самосвал карьерный 785C №401
181,01.07.2023,ЕТО,0.33,24,Самосвал карьерный 785C №401
182,02.07.2023,ЕТО,0.33,24,Самосвал карьерный 785C №401
183,03.07.2023,ЕТО,0.33,24,Самосвал карьерный 785C №401
184,04.07.2023,ЕТО,0.33,24,Самосвал карьерный 785C №401
185,05.07.2023,ЕТО,0.33,24,Самосвал карьерный 785C №401
186,06.07.2023,ЕТО,0.33,24,Самосвал карьерный 785C №401
187,07.07.2023,ЕТО,0.33,24,Самосвал карьерный 785C №401
188,08.07.2023,ЕТО,0.33,24,Самосвал карьерный 785C №401
189,09.07.2023,ЕТО,0.33,24,Самосвал карьерный 785C №401
190,10.07.2023,ЕТО,0.33,24,Самосвал карьерный 785C №401
191,11.07.2023,ЕТО,0.33,24,Самосвал карьерный 785C №401
192,12.07.2023,ЕТО,0.33,24,Самосвал карьерный 785C №401
193,13.07.2023,ЕТО,0.33,24,Самосвал карьерный 785C №401
194,14.07.2023,ЕТО,0.33,24,Самосвал карьерный 785C №401
195,15.07.2023,ЕТО,0.33,24,Самосвал карьерный 785C №401
196,16.07.2023,ЕТО,0.33,24,Самосвал карьерный 785C №401
197,17.07.2023,ЕТО,0.33,24,Самосвал карьерный 785C №401
198,18.07.2023,ЕТО,0.33,24,Самосвал карьерный 785C №401
199,19.07.2023,ЕТО,0.33,24,Самосвал карьерный 785C №401
200,20.07.2023,ЕТО,0.33,24,Самосвал карьерный 785C №401
201,21.07.2023,ЕТО,0.33,24,Самосвал карьерный 785C №401
202,22.07.2023,ЕТО,0.33,24,Самосвал карьерный 785C №401
203,23.07.2023,ЕТО,0.33,24,Самосвал карьерный 785C №401
204,24.07.2023,ЕТО,0.33,24,Самосвал карьерный 785C №401
205,25.07.2023,ЕТО,0.33,24,Самосвал карьерный 785C №401
206,26.07.2023,ЕТО,0.33,24,Самосвал карьерный 785C №401
207,27.07.2023,ЕТО,0.33,24,Самосвал карьерный 785C №401
208,28.07.2023,ЕТО,0.33,24,Самосвал карьерный 785C №401
209,29.07.2023,ЕТО,0.33,24,Самосвал карьерный 785C №401
210,30.07.2023,ЕТО,0.33,24,Самосвал карьерный 785C №401
211,31.07.2023,ЕТО,0.33,24,Самосвал карьерный 785C №401
212,01.08.2023,ЕТО,0.33,24,Самосвал карьерный 785C №401
213,02.08.2023,ЕТО,0.33,24,Самосвал карьерный 785C №401
214,03.08.2023,ЕТО,0.33,24,Самосвал карьерный 785C №401
215,04.08.2023,ЕТО,0.33,24,Самосвал карьерный 785C №401
216,05.08.2023,ЕТО,0.33,24,Самосвал карьерный 785C №401
217,06.08.2023,ЕТО,0.33,24,Самосвал карьерный 785C №401
218,07.08.2023,ЕТО,0.33,24,Самосвал карьерный 785C №401
219,08.08.2023,ЕТО,0.33,24,Самосвал карьерный 785C №401
220,09.08.2023,ЕТО,0.33,24,Самосвал карьерный 785C №401
221,10.08.2023,ЕТО,0.33,24,Самосвал карьерный 785C №401
222,11.08.2023,ЕТО,0.33,24,Самосвал карьерный 785C №401
223,12.08.2023,ЕТО,0.33,24,Самосвал карьерный 785C №401
224,13.08.2023,ЕТО,0.33,24,Самосвал карьерный 785C №401
225,14.08.2023,ЕТО,0.33,24,Самосвал карьерный 785C №401
226,15.08.2023,ЕТО,0.33,24,Самосвал карьерный 785C №401
227,16.08.2023,ЕТО,0.33,24,Самосвал карьерный 785C №401
228,17.08.2023,ЕТО,0.33,24,Самосвал карьерный 785C №401
229,18.08.2023,ЕТО,0.33,24,Самосвал карьерный 785C №401
230,19.08.2023,ЕТО,0.33,24,Самосвал карьерный 785C №401
231,20.08.2023,ЕТО,0.33,24,Самосвал карьерный 785C №401
232,21.08.2023,ЕТО,0.33,24,Самосвал карьерный 785C №401
233,22.08.2023,ЕТО,0.33,24,Самосвал карьерный 785C №401
234,23.08.2023,ЕТО,0.33,24,Самосвал карьерный 785C №401
235,24.08.2023,ЕТО,0.33,24,Самосвал карьерный 785C №401
236,25.08.2023,ЕТО,0.33,24,Самосвал карьерный 785C №401
237,26.08.2023,ЕТО,0.33,24,Самосвал карьерный 785C №401
238,27.08.2023,ЕТО,0.33,24,Самосвал карьерный 785C №401
239,28.08.2023,ЕТО,0.33,24,Самосвал карьерный 785C №401
240,29.08.2023,ЕТО,0.33,24,Самосвал карьерный 785C №401
241,30.08.2023,ЕТО,0.33,24,Самосвал карьерный 785C №401
242,31.08.2023,ЕТО,0.33,24,Самосвал карьерный 785C №401
243,01.09.2023,ЕТО,0.33,24,Самосвал карьерный 785C №401
244,02.09.2023,ЕТО,0.33,24,Самосвал карьерный 785C №401
245,03.09.2023,ЕТО,0.33,24,Самосвал карьерный 785C №401
246,04.09.2023,ЕТО,0.33,24,Самосвал карьерный 785C №401
247,05.09.2023,ЕТО,0.33,24,Самосвал карьерный 785C №401
248,06.09.2023,ЕТО,0.33,24,Самосвал карьерный 785C №401
249,07.09.2023,ЕТО,0.33,24,Самосвал карьерный 785C №401
250,08.09.2023,ЕТО,0.33,24,Самосвал карьерный 785C №401
251,09.09.2023,ЕТО,0.33,24,Самосвал карьерный 785C №401
252,10.09.2023,ЕТО,0.33,24,Самосвал карьерный 785C №401
253,11.09.2023,ЕТО,0.33,24,Самосвал карьерный 785C №401
254,12.09.2023,ЕТО,0.33,24,Самосвал карьерный 785C №401
255,13.09.2023,ЕТО,0.33,24,Самосвал карьерный 785C №401
256,14.09.2023,ЕТО,0.33,24,Самосвал карьерный 785C №401
257,15.09.2023,ЕТО,0.33,24,Самосвал карьерный 785C №401
258,16.09.2023,ЕТО,0.33,24,Самосвал карьерный 785C №401
259,17.09.2023,ЕТО,0.33,24,Самосвал карьерный 785C №401
260,18.09.2023,ЕТО,0.33,24,Самосвал карьерный 785C №401
261,19.09.2023,ЕТО,0.33,24,Самосвал карьерный 785C №401
262,20.09.2023,ЕТО,0.33,24,Самосвал карьерный 785C №401
263,21.09.2023,ЕТО,0.33,24,Самосвал карьерный 785C №401
264,22.09.2023,ЕТО,0.33,24,Самосвал карьерный 785C №401
265,23.09.2023,ЕТО,0.33,24,Самосвал карьерный 785C №401
266,24.09.2023,ЕТО,0.33,24,Самосвал карьерный 785C №401
267,25.09.2023,ЕТО,0.33,24,Самосвал карьерный 785C №401
268,26.09.2023,ЕТО,0.33,24,Самосвал карьерный 785C №401
269,27.09.2023,ЕТО,0.33,24,Самосвал карьерный 785C №401
270,28.09.2023,ЕТО,0.33,24,Самосвал карьерный 785C №401
271,29.09.2023,ЕТО,0.33,24,Самосвал карьерный 785C №401
272,30.09.2023,ЕТО,0.33,24,Самосвал карьерный 785C №401
273,01.10.2023,ЕТО,0.33,24,Самосвал карьерный 785C №401
274,02.10.2023,ЕТО,0.33,24,Самосвал карьерный 785C №401
275,03.10.2023,ЕТО,0.33,24,Самосвал карьерный 785C №401
276,04.10.2023,ЕТО,0.33,24,Самосвал карьерный 785C №401
277,05.10.2023,ЕТО,0.33,24,Самосвал карьерный 785C №401
278,06.10.2023,ЕТО,0.33,24,Самосвал карьерный 785C №401
279,07.10.2023,ЕТО,0.33,24,Самосвал карьерный 785C №401
280,08.10.2023,ЕТО,0.33,24,Самосвал карьерный 785C №401
281,09.10.2023,ЕТО,0.33,24,Самосвал карьерный 785C №401
282,10.10.2023,ЕТО,0.33,24,Самосвал карьерный 785C №401
283,11.10.2023,ЕТО,0.33,24,Самосвал карьерный 785C №401
284,12.10.2023,ЕТО,0.33,24,Самосвал карьерный 785C №401
285,13.10.2023,ЕТО,0.33,24,Самосвал карьерный 785C №401
286,14.10.2023,ЕТО,0.33,24,Самосвал карьерный 785C №401
287,15.10.2023,ЕТО,0.33,24,Самосвал карьерный 785C №401
288,16.10.2023,ЕТО,0.33,24,Самосвал карьерный 785C №401
289,17.10.2023,ЕТО,0.33,24,Самосвал карьерный 785C №401
290,18.10.2023,ЕТО,0.33,24,Самосвал карьерный 785C №401
291,19.10.2023,ЕТО,0.33,24,Самосвал карьерный 785C №401
292,20.10.2023,ЕТО,0.33,24,Самосвал карьерный 785C №401
293,21.10.2023,ЕТО,0.33,24,Самосвал карьерный 785C №401
294,22.10.2023,ЕТО,0.33,24,Самосвал карьерный 785C №401
295,23.10.2023,ЕТО,0.33,24,Самосвал карьерный 785C №401
296,24.10.2023,ЕТО,0.33,24,Самосвал карьерный 785C №401
297,25.10.2023,ЕТО,0.33,24,Самосвал карьерный 785C №401
298,26.10.2023,ЕТО,0.33,24,Самосвал карьерный 785C №401
299,27.10.2023,ЕТО,0.33,24,Самосвал карьерный 785C №401
300,28.10.2023,ЕТО,0.33,24,Самосвал карьерный 785C №401
301,29.10.2023,ЕТО,0.33,24,Самосвал карьерный 785C №401
302,30.10.2023,ЕТО,0.33,24,Самосвал карьерный 785C №401
303,31.10.2023,ЕТО,0.33,24,Самосвал карьерный 785C №401
304,01.11.2023,ЕТО,0.33,24,Самосвал карьерный 785C №401
305,02.11.2023,ЕТО,0.33,24,Самосвал карьерный 785C №401
306,03.11.2023,ЕТО,0.33,24,Самосвал карьерный 785C №401
307,04.11.2023,ЕТО,0.33,24,Самосвал карьерный 785C №401
308,05.11.2023,ЕТО,0.33,24,Самосвал карьерный 785C №401
309,06.11.2023,ЕТО,0.33,24,Самосвал карьерный 785C №401
310,07.11.2023,ЕТО,0.33,24,Самосвал карьерный 785C №401
311,08.11.2023,ЕТО,0.33,24,Самосвал карьерный 785C №401
312,09.11.2023,ЕТО,0.33,24,Самосвал карьерный 785C №401
313,10.11.2023,ЕТО,0.33,24,Самосвал карьерный 785C №401
314,11.11.2023,ЕТО,0.33,24,Самосвал карьерный 785C №401
315,12.11.2023,ЕТО,0.33,24,Самосвал карьерный 785C №401
316,13.11.2023,ЕТО,0.33,24,Самосвал карьерный 785C №401
317,14.11.2023,ЕТО,0.33,24,Самосвал карьерный 785C №401
318,15.11.2023,ЕТО,0.33,24,Самосвал карьерный 785C №401
319,16.11.2023,ЕТО,0.33,24,Самосвал карьерный 785C №401
320,17.11.2023,ЕТО,0.33,24,Самосвал карьерный 785C №401
321,18.11.2023,ЕТО,0.33,24,Самосвал карьерный 785C №401
322,19.11.2023,ЕТО,0.33,24,Самосвал карьерный 785C №401
323,20.11.2023,ЕТО,0.33,24,Самосвал карьерный 785C №401
324,21.11.2023,ЕТО,0.33,24,Самосвал карьерный 785C №401
325,22.11.2023,ЕТО,0.33,24,Самосвал карьерный 785C №401
326,23.11.2023,ЕТО,0.33,24,Самосвал карьерный 785C №401
327,24.11.2023,ЕТО,0.33,24,Самосвал карьерный 785C №401
328,25.11.2023,ЕТО,0.33,24,Самосвал карьерный 785C №401
329,26.11.2023,ЕТО,0.33,24,Самосвал карьерный 785C №401
330,27.11.2023,ЕТО,0.33,24,Самосвал карьерный 785C №401
331,28.11.2023,ЕТО,0.33,24,Самосвал карьерный 785C №401
332,29.11.2023,ЕТО,0.33,24,Самосвал карьерный 785C №401
333,30.11.2023,ЕТО,0.33,24,Самосвал карьерный 785C №401
334,01.12.2023,ЕТО,0.33,24,Самосвал карьерный 785C №401
335,02.12.2023,ЕТО,0.33,24,Самосвал карьерный 785C №401
336,03.12.2023,ЕТО,0.33,24,Самосвал карьерный 785C №401
337,04.12.2023,ЕТО,0.33,24,Самосвал карьерный 785C №401
338,05.12.2023,ЕТО,0.33,24,Самосвал карьерный 785C №401
339,06.12.2023,ЕТО,0.33,24,Самосвал карьерный 785C №401
340,07.12.2023,ЕТО,0.33,24,Самосвал карьерный 785C №401
341,08.12.2023,ЕТО,0.33,24,Самосвал карьерный 785C №401
342,09.12.2023,ЕТО,0.33,24,Самосвал карьерный 785C №401
343,10.12.2023,ЕТО,0.33,24,Самосвал карьерный 785C №401
344,11.12.2023,ЕТО,0.33,24,Самосвал карьерный 785C №401
345,12.12.2023,ЕТО,0.33,24,Самосвал карьерный 785C №401
346,13.12.2023,ЕТО,0.33,24,Самосвал карьерный 785C №401
347,14.12.2023,ЕТО,0.33,24,Самосвал карьерный 785C №401
348,15.12.2023,ЕТО,0.33,24,Самосвал карьерный 785C №401
349,16.12.2023,ЕТО,0.33,24,Самосвал карьерный 785C №401
350,17.12.2023,ЕТО,0.33,24,Самосвал карьерный 785C №401
351,18.12.2023,ЕТО,0.33,24,Самосвал карьерный 785C №401
352,19.12.2023,ЕТО,0.33,24,Самосвал карьерный 785C №401
353,20.12.2023,ЕТО,0.33,24,Самосвал карьерный 785C №401
354,21.12.2023,ЕТО,0.33,24,Самосвал карьерный 785C №401
355,22.12.2023,ЕТО,0.33,24,Самосвал карьерный 785C №401
356,23.12.2023,ЕТО,0.33,24,Самосвал карьерный 785C №401
357,24.12.2023,ЕТО,0.33,24,Самосвал карьерный 785C №401
358,25.12.2023,ЕТО,0.33,24,Самосвал карьерный 785C №401
359,26.12.2023,ЕТО,0.33,24,Самосвал карьерный 785C №401
360,27.12.2023,ЕТО,0.33,24,Самосвал карьерный 785C №401
361,28.12.2023,ЕТО,0.33,24,Самосвал карьерный 785C №401
362,29.12.2023,ЕТО,0.33,24,Самосвал карьерный 785C №401
363,30.12.2023,ЕТО,0.33,24,Самосвал карьерный 785C №401
364,31.12.2023,ЕТО,0.33,24,Самосвал карьерный 785C №401
365,01.01.2024,ЕТО,0.33,24,Самосвал карьерный 785C №401
366,02.01.2024,ЕТО,0.33,24,Самосвал карьерный 785C №401
367,03.01.2024,ЕТО,0.33,24,Самосвал карьерный 785C №401
368,04.01.2024,ЕТО,0.33,24,Самосвал карьерный 785C №401
369,05.01.2024,ЕТО,0.33,24,Самосвал карьерный 785C №401
370,06.01.2024,ЕТО,0.33,24,Самосвал карьерный 785C №401
371,07.01.2024,ЕТО,0.33,24,Самосвал карьерный 785C №401
372,08.01.2024,ЕТО,0.33,24,Самосвал карьерный 785C №401
373,09.01.2024,ЕТО,0.33,24,Самосвал карьерный 785C №401
374,10.01.2024,ЕТО,0.33,24,Самосвал карьерный 785C №401
375,11.01.2024,ЕТО,0.33,24,Самосвал карьерный 785C №401
376,12.01.2024,ЕТО,0.33,24,Самосвал карьерный 785C №401
377,13.01.2024,ЕТО,0.33,24,Самосвал карьерный 785C №401
378,14.01.2024,ЕТО,0.33,24,Самосвал карьерный 785C №401
379,15.01.2024,ЕТО,0.33,24,Самосвал карьерный 785C №401
380,16.01.2024,ЕТО,0.33,24,Самосвал карьерный 785C №401
381,17.01.2024,ЕТО,0.33,24,Самосвал карьерный 785C №401
382,18.01.2024,ЕТО,0.33,24,Самосвал карьерный 785C №401
383,19.01.2024,ЕТО,0.33,24,Самосвал карьерный 785C №401
384,20.01.2024,ЕТО,0.33,24,Самосвал карьерный 785C №401
385,21.01.2024,ЕТО,0.33,24,Самосвал карьерный 785C №401
386,22.01.2024,ЕТО,0.33,24,Самосвал карьерный 785C №401
387,23.01.2024,ЕТО,0.33,24,Самосвал карьерный 785C №401
388,24.01.2024,ЕТО,0.33,24,Самосвал карьерный 785C №401
389,25.01.2024,ЕТО,0.33,24,Самосвал карьерный 785C №401
390,26.01.2024,ЕТО,0.33,24,Самосвал карьерный 785C №401
391,27.01.2024,ЕТО,0.33,24,Самосвал карьерный 785C №401
392,28.01.2024,ЕТО,0.33,24,Самосвал карьерный 785C №401
393,29.01.2024,ЕТО,0.33,24,Самосвал карьерный 785C №401
394,30.01.2024,ЕТО,0.33,24,Самосвал карьерный 785C №401
395,31.01.2024,ЕТО,0.33,24,Самосвал карьерный 785C №401
396,01.02.2024,ЕТО,0.33,24,Самосвал карьерный 785C №401
397,02.02.2024,ЕТО,0.33,24,Самосвал карьерный 785C №401
398,03.02.2024,ЕТО,0.33,24,Самосвал карьерный 785C №401
399,04.02.2024,ЕТО,0.33,24,Самосвал карьерный 785C №401
400,05.02.2024,ЕТО,0.33,24,Самосвал карьерный 785C №401
401,06.02.2024,ЕТО,0.33,24,Самосвал карьерный 785C №401
402,07.02.2024,ЕТО,0.33,24,Самосвал карьерный 785C №401
403,08.02.2024,ЕТО,0.33,24,Самосвал карьерный 785C №401
404,09.02.2024,ЕТО,0.33,24,Самосвал карьерный 785C №401
405,10.02.2024,ЕТО,0.33,24,Самосвал карьерный 785C №401
406,11.02.2024,ЕТО,0.33,24,Самосвал карьерный 785C №401
407,12.02.2024,ЕТО,0.33,24,Самосвал карьерный 785C №401
408,13.02.2024,ЕТО,0.33,24,Самосвал карьерный 785C №401
409,14.02.2024,ЕТО,0.33,24,Самосвал карьерный 785C №401
410,15.02.2024,ЕТО,0.33,24,Самосвал карьерный 785C №401
411,16.02.2024,ЕТО,0.33,24,Самосвал карьерный 785C №401
412,17.02.2024,ЕТО,0.33,24,Самосвал карьерный 785C №401
413,18.02.2024,ЕТО,0.33,24,Самосвал карьерный 785C №401
414,19.02.2024,ЕТО,0.33,24,Самосвал карьерный 785C №401
415,20.02.2024,ЕТО,0.33,24,Самосвал карьерный 785C №401
416,21.02.2024,ЕТО,0.33,24,Самосвал карьерный 785C №401
417,22.02.2024,ЕТО,0.33,24,Самосвал карьерный 785C №401
418,23.02.2024,ЕТО,0.33,24,Самосвал карьерный 785C №401
419,24.02.2024,ЕТО,0.33,24,Самосвал карьерный 785C №401
420,25.02.2024,ЕТО,0.33,24,Самосвал карьерный 785C №401
421,26.02.2024,ЕТО,0.33,24,Самосвал карьерный 785C №401
422,27.02.2024,ЕТО,0.33,24,Самосвал карьерный 785C №401
423,28.02.2024,ЕТО,0.33,24,Самосвал карьерный 785C №401
424,29.02.2024,ЕТО,0.33,24,Самосвал карьерный 785C №401
425,01.03.2024,ЕТО,0.33,24,Самосвал карьерный 785C №401
426,02.03.2024,ЕТО,0.33,24,Самосвал карьерный 785C №401
427,03.03.2024,ЕТО,0.33,24,Самосвал карьерный 785C №401
428,04.03.2024,ЕТО,0.33,24,Самосвал карьерный 785C №401
429,05.03.2024,ЕТО,0.33,24,Самосвал карьерный 785C №401
430,06.03.2024,ЕТО,0.33,24,Самосвал карьерный 785C №401
431,07.03.2024,ЕТО,0.33,24,Самосвал карьерный 785C №401
432,08.03.2024,ЕТО,0.33,24,Самосвал карьерный 785C №401
433,09.03.2024,ЕТО,0.33,24,Самосвал карьерный 785C №401
434,10.03.2024,ЕТО,0.33,24,Самосвал карьерный 785C №401
435,11.03.2024,ЕТО,0.33,24,Самосвал карьерный 785C №401
436,12.03.2024,ЕТО,0.33,24,Самосвал карьерный 785C №401
437,13.03.2024,ЕТО,0.33,24,Самосвал карьерный 785C №401
438,14.03.2024,ЕТО,0.33,24,Самосвал карьерный 785C №401
439,15.03.2024,ЕТО,0.33,24,Самосвал карьерный 785C №401
440,16.03.2024,ЕТО,0.33,24,Самосвал карьерный 785C №401
441,17.03.2024,ЕТО,0.33,24,Самосвал карьерный 785C №401
442,18.03.2024,ЕТО,0.33,24,Самосвал карьерный 785C №401
443,19.03.2024,ЕТО,0.33,24,Самосвал карьерный 785C №401
444,20.03.2024,ЕТО,0.33,24,Самосвал карьерный 785C №401
445,21.03.2024,ЕТО,0.33,24,Самосвал карьерный 785C №401
446,22.03.2024,ЕТО,0.33,24,Самосвал карьерный 785C №401
447,23.03.2024,ЕТО,0.33,24,Самосвал карьерный 785C №401
448,24.03.2024,ЕТО,0.33,24,Самосвал карьерный 785C №401
449,25.03.2024,ЕТО,0.33,24,Самосвал карьерный 785C №401
450,26.03.2024,ЕТО,0.33,24,Самосвал карьерный 785C №401
451,27.03.2024,ЕТО,0.33,24,Самосвал карьерный 785C №401
452,28.03.2024,ЕТО,0.33,24,Самосвал карьерный 785C №401
453,29.03.2024,ЕТО,0.33,24,Самосвал карьерный 785C №401
454,30.03.2024,ЕТО,0.33,24,Самосвал карьерный 785C №401
455,31.03.2024,ЕТО,0.33,24,Самосвал карьерный 785C №401
456,01.04.2024,ЕТО,0.33,24,Самосвал карьерный 785C №401
457,02.04.2024,ЕТО,0.33,24,Самосвал карьерный 785C №401
458,03.04.2024,ЕТО,0.33,24,Самосвал карьерный 785C №401
459,04.04.2024,ЕТО,0.33,24,Самосвал карьерный 785C №401
460,05.04.2024,ЕТО,0.33,24,Самосвал карьерный 785C №401
461,06.04.2024,ЕТО,0.33,24,Самосвал карьерный 785C №401
462,07.04.2024,ЕТО,0.33,24,Самосвал карьерный 785C №401
463,08.04.2024,ЕТО,0.33,24,Самосвал карьерный 785C №401
464,09.04.2024,ЕТО,0.33,24,Самосвал карьерный 785C №401
465,10.04.2024,ЕТО,0.33,24,Самосвал карьерный 785C №401
466,11.04.2024,ЕТО,0.33,24,Самосвал карьерный 785C №401
467,12.04.2024,ЕТО,0.33,24,Самосвал карьерный 785C №401
468,13.04.2024,ЕТО,0.33,24,Самосвал карьерный 785C №401
469,14.04.2024,ЕТО,0.33,24,Самосвал карьерный 785C №401
470,15.04.2024,ЕТО,0.33,24,Самосвал карьерный 785C №401
471,16.04.2024,ЕТО,0.33,24,Самосвал карьерный 785C №401
472,17.04.2024,ЕТО,0.33,24,Самосвал карьерный 785C №401
473,18.04.2024,ЕТО,0.33,24,Самосвал карьерный 785C №401
474,19.04.2024,ЕТО,0.33,24,Самосвал карьерный 785C №401
475,20.04.2024,ЕТО,0.33,24,Самосвал карьерный 785C №401
476,21.04.2024,ЕТО,0.33,24,Самосвал карьерный 785C №401
477,22.04.2024,ЕТО,0.33,24,Самосвал карьерный 785C №401
478,23.04.2024,ЕТО,0.33,24,Самосвал карьерный 785C №401
479,24.04.2024,ЕТО,0.33,24,Самосвал карьерный 785C №401
480,25.04.2024,ЕТО,0.33,24,Самосвал карьерный 785C №401
481,26.04.2024,ЕТО,0.33,24,Самосвал карьерный 785C №401
482,27.04.2024,ЕТО,0.33,24,Самосвал карьерный 785C №401
483,28.04.2024,ЕТО,0.33,24,Самосвал карьерный 785C №401
484,29.04.2024,ЕТО,0.33,24,Самосвал карьерный 785C №401
485,30.04.2024,ЕТО,0.33,24,Самосвал карьерный 785C №401
486,01.05.2024,ЕТО,0.33,24,Самосвал карьерный 785C №401
487,02.05.2024,ЕТО,0.33,24,Самосвал карьерный 785C №401
488,03.05.2024,ЕТО,0.33,24,Самосвал карьерный 785C №401
489,04.05.2024,ЕТО,0.33,24,Самосвал карьерный 785C №401
490,05.05.2024,ЕТО,0.33,24,Самосвал карьерный 785C №401
491,06.05.2024,ЕТО,0.33,24,Самосвал карьерный 785C №401
492,07.05.2024,ЕТО,0.33,24,Самосвал карьерный 785C №401
493,08.05.2024,ЕТО,0.33,24,Самосвал карьерный 785C №401
494,09.05.2024,ЕТО,0.33,24,Самосвал карьерный 785C №401
495,10.05.2024,ЕТО,0.33,24,Самосвал карьерный 785C №401
496,11.05.2024,ЕТО,0.33,24,Самосвал карьерный 785C №401
497,12.05.2024,ЕТО,0.33,24,Самосвал карьерный 785C №401
498,13.05.2024,ЕТО,0.33,24,Самосвал карьерный 785C №401
499,14.05.2024,ЕТО,0.33,24,Самосвал карьерный 785C №401
500,15.05.2024,ЕТО,0.33,24,Самосвал карьерный 785C №401
501,16.05.2024,ЕТО,0.33,24,Самосвал карьерный 785C №401
502,17.05.2024,ЕТО,0.33,24,Самосвал карьерный 785C №401
503,18.05.2024,ЕТО,0.33,24,Самосвал карьерный 785C №401
504,19.05.2024,ЕТО,0.33,24,Самосвал карьерный 785C №401
505,20.05.2024,ЕТО,0.33,24,Самосвал карьерный 785C №401
506,21.05.2024,ЕТО,0.33,24,Самосвал карьерный 785C №401
507,22.05.2024,ЕТО,0.33,24,Самосвал карьерный 785C №401
508,23.05.2024,ЕТО,0.33,24,Самосвал карьерный 785C №401
509,24.05.2024,ЕТО,0.33,24,Самосвал карьерный 785C №401
510,25.05.2024,ЕТО,0.33,24,Самосвал карьерный 785C №401
511,26.05.2024,ЕТО,0.33,24,Самосвал карьерный 785C №401
512,27.05.2024,ЕТО,0.33,24,Самосвал карьерный 785C №401
513,28.05.2024,ЕТО,0.33,24,Самосвал карьерный 785C №401
514,29.05.2024,ЕТО,0.33,24,Самосвал карьерный 785C №401
515,30.05.2024,ЕТО,0.33,24,Самосвал карьерный 785C №401
516,31.05.2024,ЕТО,0.33,24,Самосвал карьерный 785C №401
517,01.06.2024,ЕТО,0.33,24,Самосвал карьерный 785C №401
518,02.06.2024,ЕТО,0.33,24,Самосвал карьерный 785C №401
519,03.06.2024,ЕТО,0.33,24,Самосвал карьерный 785C №401
520,04.06.2024,ЕТО,0.33,24,Самосвал карьерный 785C №401
521,05.06.2024,ЕТО,0.33,24,Самосвал карьерный 785C №401
522,06.06.2024,ЕТО,0.33,24,Самосвал карьерный 785C №401
523,07.06.2024,ЕТО,0.33,24,Самосвал карьерный 785C №401
524,08.06.2024,ЕТО,0.33,24,Самосвал карьерный 785C №401
525,09.06.2024,ЕТО,0.33,24,Самосвал карьерный 785C №401
526,10.06.2024,ЕТО,0.33,24,Самосвал карьерный 785C №401
527,11.06.2024,ЕТО,0.33,24,Самосвал карьерный 785C №401
528,12.06.2024,ЕТО,0.33,24,Самосвал карьерный 785C №401
529,13.06.2024,ЕТО,0.33,24,Самосвал карьерный 785C №401
530,14.06.2024,ЕТО,0.33,24,Самосвал карьерный 785C №401
531,15.06.2024,ЕТО,0.33,24,Самосвал карьерный 785C №401
532,16.06.2024,ЕТО,0.33,24,Самосвал карьерный 785C №401
533,17.06.2024,ЕТО,0.33,24,Самосвал карьерный 785C №401
534,18.06.2024,ЕТО,0.33,24,Самосвал карьерный 785C №401
535,19.06.2024,ЕТО,0.33,24,Самосвал карьерный 785C №401
536,20.06.2024,ЕТО,0.33,24,Самосвал карьерный 785C №401
537,21.06.2024,ЕТО,0.33,24,Самосвал карьерный 785C №401
538,22.06.2024,ЕТО,0.33,24,Самосвал карьерный 785C №401
539,23.06.2024,ЕТО,0.33,24,Самосвал карьерный 785C №401
540,24.06.2024,ЕТО,0.33,24,Самосвал карьерный 785C №401
541,25.06.2024,ЕТО,0.33,24,Самосвал карьерный 785C №401
542,26.06.2024,ЕТО,0.33,24,Самосвал карьерный 785C №401
543,27.06.2024,ЕТО,0.33,24,Самосвал карьерный 785C №401
544,28.06.2024,ЕТО,0.33,24,Самосвал карьерный 785C №401
545,29.06.2024,ЕТО,0.33,24,Самосвал карьерный 785C №401
546,30.06.2024,ЕТО,0.33,24,Самосвал карьерный 785C №401
547,01.07.2024,ЕТО,0.33,24,Самосвал карьерный 785C №401
548,02.07.2024,ЕТО,0.33,24,Самосвал карьерный 785C №401
549,03.07.2024,ЕТО,0.33,24,Самосвал карьерный 785C №401
550,04.07.2024,ЕТО,0.33,24,Самосвал карьерный 785C №401
551,05.07.2024,ЕТО,0.33,24,Самосвал карьерный 785C №401
552,06.07.2024,ЕТО,0.33,24,Самосвал карьерный 785C №401
553,07.07.2024,ЕТО,0.33,24,Самосвал карьерный 785C №401
554,08.07.2024,ЕТО,0.33,24,Самосвал карьерный 785C №401
555,09.07.2024,ЕТО,0.33,24,Самосвал карьерный 785C №401
556,10.07.2024,ЕТО,0.33,24,Самосвал карьерный 785C №401
557,11.07.2024,ЕТО,0.33,24,Самосвал карьерный 785C №401
558,12.07.2024,ЕТО,0.33,24,Самосвал карьерный 785C №401
559,13.07.2024,ЕТО,0.33,24,Самосвал карьерный 785C №401
560,14.07.2024,ЕТО,0.33,24,Самосвал карьерный 785C №401
561,15.07.2024,ЕТО,0.33,24,Самосвал карьерный 785C №401
562,16.07.2024,ЕТО,0.33,24,Самосвал карьерный 785C №401
563,17.07.2024,ЕТО,0.33,24,Самосвал карьерный 785C №401
564,18.07.2024,ЕТО,0.33,24,Самосвал карьерный 785C №401
565,19.07.2024,ЕТО,0.33,24,Самосвал карьерный 785C №401
566,20.07.2024,ЕТО,0.33,24,Самосвал карьерный 785C №401
567,21.07.2024,ЕТО,0.33,24,Самосвал карьерный 785C №401
568,22.07.2024,ЕТО,0.33,24,Самосвал карьерный 785C №401
569,23.07.2024,ЕТО,0.33,24,Самосвал карьерный 785C №401
570,24.07.2024,ЕТО,0.33,24,Самосвал карьерный 785C №401
571,25.07.2024,ЕТО,0.33,24,Самосвал карьерный 785C №401
572,26.07.2024,ЕТО,0.33,24,Самосвал карьерный 785C №401
573,27.07.2024,ЕТО,0.33,24,Самосвал карьерный 785C №401
574,28.07.2024,ЕТО,0.33,24,Самосвал карьерный 785C №401
575,29.07.2024,ЕТО,0.33,24,Самосвал карьерный 785C №401
576,30.07.2024,ЕТО,0.33,24,Самосвал карьерный 785C №401
577,31.07.2024,ЕТО,0.33,24,Самосвал карьерный 785C №401
578,01.08.2024,ЕТО,0.33,24,Самосвал карьерный 785C №401
579,02.08.2024,ЕТО,0.33,24,Самосвал карьерный 785C №401
580,03.08.2024,ЕТО,0.33,24,Самосвал карьерный 785C №401
581,04.08.2024,ЕТО,0.33,24,Самосвал карьерный 785C №401
582,05.08.2024,ЕТО,0.33,24,Самосвал карьерный 785C №401
583,06.08.2024,ЕТО,0.33,24,Самосвал карьерный 785C №401
584,07.08.2024,ЕТО,0.33,24,Самосвал карьерный 785C №401
585,08.08.2024,ЕТО,0.33,24,Самосвал карьерный 785C №401
586,09.08.2024,ЕТО,0.33,24,Самосвал карьерный 785C №401
587,10.08.2024,ЕТО,0.33,24,Самосвал карьерный 785C №401
588,11.08.2024,ЕТО,0.33,24,Самосвал карьерный 785C №401
589,12.08.2024,ЕТО,0.33,24,Самосвал карьерный 785C №401
590,13.08.2024,ЕТО,0.33,24,Самосвал карьерный 785C №401
591,14.08.2024,ЕТО,0.33,24,Самосвал карьерный 785C №401
592,15.08.2024,ЕТО,0.33,24,Самосвал карьерный 785C №401
593,16.08.2024,ЕТО,0.33,24,Самосвал карьерный 785C №401
594,17.08.2024,ЕТО,0.33,24,Самосвал карьерный 785C №401
595,18.08.2024,ЕТО,0.33,24,Самосвал карьерный 785C №401
596,19.08.2024,ЕТО,0.33,24,Самосвал карьерный 785C №401
597,20.08.2024,ЕТО,0.33,24,Самосвал карьерный 785C №401
598,21.08.2024,ЕТО,0.33,24,Самосвал карьерный 785C №401
599,22.08.2024,ЕТО,0.33,24,Самосвал карьерный 785C №401
600,23.08.2024,ЕТО,0.33,24,Самосвал карьерный 785C №401
601,24.08.2024,ЕТО,0.33,24,Самосвал карьерный 785C №401
602,25.08.2024,ЕТО,0.33,24,Самосвал карьерный 785C №401
603,26.08.2024,ЕТО,0.33,24,Самосвал карьерный 785C №401
604,27.08.2024,ЕТО,0.33,24,Самосвал карьерный 785C №401
605,28.08.2024,ЕТО,0.33,24,Самосвал карьерный 785C №401
606,29.08.2024,ЕТО,0.33,24,Самосвал карьерный 785C №401
607,30.08.2024,ЕТО,0.33,24,Самосвал карьерный 785C №401
608,31.08.2024,ЕТО,0.33,24,Самосвал карьерный 785C №401
609,01.09.2024,ЕТО,0.33,24,Самосвал карьерный 785C №401
610,02.09.2024,ЕТО,0.33,24,Самосвал карьерный 785C №401
611,03.09.2024,ЕТО,0.33,24,Самосвал карьерный 785C №401
612,04.09.2024,ЕТО,0.33,24,Самосвал карьерный 785C №401
613,05.09.2024,ЕТО,0.33,24,Самосвал карьерный 785C №401
614,06.09.2024,ЕТО,0.33,24,Самосвал карьерный 785C №401
615,07.09.2024,ЕТО,0.33,24,Самосвал карьерный 785C №401
616,08.09.2024,ЕТО,0.33,24,Самосвал карьерный 785C №401
617,09.09.2024,ЕТО,0.33,24,Самосвал карьерный 785C №401
618,10.09.2024,ЕТО,0.33,24,Самосвал карьерный 785C №401
619,11.09.2024,ЕТО,0.33,24,Самосвал карьерный 785C №401
620,12.09.2024,ЕТО,0.33,24,Самосвал карьерный 785C №401
621,13.09.2024,ЕТО,0.33,24,Самосвал карьерный 785C №401
622,14.09.2024,ЕТО,0.33,24,Самосвал карьерный 785C №401
623,15.09.2024,ЕТО,0.33,24,Самосвал карьерный 785C №401
624,16.09.2024,ЕТО,0.33,24,Самосвал карьерный 785C №401
625,17.09.2024,ЕТО,0.33,24,Самосвал карьерный 785C №401
626,18.09.2024,ЕТО,0.33,24,Самосвал карьерный 785C №401
627,19.09.2024,ЕТО,0.33,24,Самосвал карьерный 785C №401
628,20.09.2024,ЕТО,0.33,24,Самосвал карьерный 785C №401
629,21.09.2024,ЕТО,0.33,24,Самосвал карьерный 785C №401
630,22.09.2024,ЕТО,0.33,24,Самосвал карьерный 785C №401
631,23.09.2024,ЕТО,0.33,24,Самосвал карьерный 785C №401
632,24.09.2024,ЕТО,0.33,24,Самосвал карьерный 785C №401
633,25.09.2024,ЕТО,0.33,24,Самосвал карьерный 785C №401
634,26.09.2024,ЕТО,0.33,24,Самосвал карьерный 785C №401
635,27.09.2024,ЕТО,0.33,24,Самосвал карьерный 785C №401
636,28.09.2024,ЕТО,0.33,24,Самосвал карьерный 785C №401
637,29.09.2024,ЕТО,0.33,24,Самосвал карьерный 785C №401
638,30.09.2024,ЕТО,0.33,24,Самосвал карьерный 785C №401
639,01.10.2024,ЕТО,0.33,24,Самосвал карьерный 785C №401
640,02.10.2024,ЕТО,0.33,24,Самосвал карьерный 785C №401
641,03.10.2024,ЕТО,0.33,24,Самосвал карьерный 785C №401
642,04.10.2024,ЕТО,0.33,24,Самосвал карьерный 785C №401
643,05.10.2024,ЕТО,0.33,24,Самосвал карьерный 785C №401
644,06.10.2024,ЕТО,0.33,24,Самосвал карьерный 785C №401
645,07.10.2024,ЕТО,0.33,24,Самосвал карьерный 785C №401
646,08.10.2024,ЕТО,0.33,24,Самосвал карьерный 785C №401
647,09.10.2024,ЕТО,0.33,24,Самосвал карьерный 785C №401
648,10.10.2024,ЕТО,0.33,24,Самосвал карьерный 785C №401
649,11.10.2024,ЕТО,0.33,24,Самосвал карьерный 785C №401
650,12.10.2024,ЕТО,0.33,24,Самосвал карьерный 785C №401
651,13.10.2024,ЕТО,0.33,24,Самосвал карьерный 785C №401
652,14.10.2024,ЕТО,0.33,24,Самосвал карьерный 785C №401
653,15.10.2024,ЕТО,0.33,24,Самосвал карьерный 785C №401
654,16.10.2024,ЕТО,0.33,24,Самосвал карьерный 785C №401
655,17.10.2024,ЕТО,0.33,24,Самосвал карьерный 785C №401
656,18.10.2024,ЕТО,0.33,24,Самосвал карьерный 785C №401
657,19.10.2024,ЕТО,0.33,24,Самосвал карьерный 785C №401
658,20.10.2024,ЕТО,0.33,24,Самосвал карьерный 785C №401
659,21.10.2024,ЕТО,0.33,24,Самосвал карьерный 785C №401
660,22.10.2024,ЕТО,0.33,24,Самосвал карьерный 785C №401
661,23.10.2024,ЕТО,0.33,24,Самосвал карьерный 785C №401
662,24.10.2024,ЕТО,0.33,24,Самосвал карьерный 785C №401
663,25.10.2024,ЕТО,0.33,24,Самосвал карьерный 785C №401
664,26.10.2024,ЕТО,0.33,24,Самосвал карьерный 785C №401
665,27.10.2024,ЕТО,0.33,24,Самосвал карьерный 785C №401
666,28.10.2024,ЕТО,0.33,24,Самосвал карьерный 785C №401
667,29.10.2024,ЕТО,0.33,24,Самосвал карьерный 785C №401
668,30.10.2024,ЕТО,0.33,24,Самосвал карьерный 785C №401
669,31.10.2024,ЕТО,0.33,24,Самосвал карьерный 785C №401
670,01.11.2024,ЕТО,0.33,24,Самосвал карьерный 785C №401
671,02.11.2024,ЕТО,0.33,24,Самосвал карьерный 785C №401
672,03.11.2024,ЕТО,0.33,24,Самосвал карьерный 785C №401
673,04.11.2024,ЕТО,0.33,24,Самосвал карьерный 785C №401
674,05.11.2024,ЕТО,0.33,24,Самосвал карьерный 785C №401
675,06.11.2024,ЕТО,0.33,24,Самосвал карьерный 785C №401
676,07.11.2024,ЕТО,0.33,24,Самосвал карьерный 785C №401
677,08.11.2024,ЕТО,0.33,24,Самосвал карьерный 785C №401
678,09.11.2024,ЕТО,0.33,24,Самосвал карьерный 785C №401
679,10.11.2024,ЕТО,0.33,24,Самосвал карьерный 785C №401
680,11.11.2024,ЕТО,0.33,24,Самосвал карьерный 785C №401
681,12.11.2024,ЕТО,0.33,24,Самосвал карьерный 785C №401
682,13.11.2024,ЕТО,0.33,24,Самосвал карьерный 785C №401
683,14.11.2024,ЕТО,0.33,24,Самосвал карьерный 785C №401
684,15.11.2024,ЕТО,0.33,24,Самосвал карьерный 785C №401
685,16.11.2024,ЕТО,0.33,24,Самосвал карьерный 785C №401
686,17.11.2024,ЕТО,0.33,24,Самосвал карьерный 785C №401
687,18.11.2024,ЕТО,0.33,24,Самосвал карьерный 785C №401
688,19.11.2024,ЕТО,0.33,24,Самосвал карьерный 785C №401
689,20.11.2024,ЕТО,0.33,24,Самосвал карьерный 785C №401
690,21.11.2024,ЕТО,0.33,24,Самосвал карьерный 785C №401
691,22.11.2024,ЕТО,0.33,24,Самосвал карьерный 785C №401
692,23.11.2024,ЕТО,0.33,24,Самосвал карьерный 785C №401
693,24.11.2024,ЕТО,0.33,24,Самосвал карьерный 785C №401
694,25.11.2024,ЕТО,0.33,24,Самосвал карьерный 785C №401
695,26.11.2024,ЕТО,0.33,24,Самосвал карьерный 785C №401
696,27.11.2024,ЕТО,0.33,24,Самосвал карьерный 785C №401
697,28.11.2024,ЕТО,0.33,24,Самосвал карьерный 785C №401
698,29.11.2024,ЕТО,0.33,24,Самосвал карьерный 785C №401
699,30.11.2024,ЕТО,0.33,24,Самосвал карьерный 785C №401
700,01.12.2024,ЕТО,0.33,24,Самосвал карьерный 785C №401
701,02.12.2024,ЕТО,0.33,24,Самосвал карьерный 785C №401
702,03.12.2024,ЕТО,0.33,24,Самосвал карьерный 785C №401
703,04.12.2024,ЕТО,0.33,24,Самосвал карьерный 785C №401
704,05.12.2024,ЕТО,0.33,24,Самосвал карьерный 785C №401
705,06.12.2024,ЕТО,0.33,24,Самосвал карьерный 785C №401
706,07.12.2024,ЕТО,0.33,24,Самосвал карьерный 785C №401
707,08.12.2024,ЕТО,0.33,24,Самосвал карьерный 785C №401
708,09.12.2024,ЕТО,0.33,24,Самосвал карьерный 785C №401
709,10.12.2024,ЕТО,0.33,24,Самосвал карьерный 785C №401
710,11.12.2024,ЕТО,0.33,24,Самосвал карьерный 785C №401
711,12.12.2024,ЕТО,0.33,24,Самосвал карьерный 785C №401
712,13.12.2024,ЕТО,0.33,24,Самосвал карьерный 785C №401
713,14.12.2024,ЕТО,0.33,24,Самосвал карьерный 785C №401
714,15.12.2024,ЕТО,0.33,24,Самосвал карьерный 785C №401
715,16.12.2024,ЕТО,0.33,24,Самосвал карьерный 785C №401
716,17.12.2024,ЕТО,0.33,24,Самосвал карьерный 785C №401
717,18.12.2024,ЕТО,0.33,24,Самосвал карьерный 785C №401
718,19.12.2024,ЕТО,0.33,24,Самосвал карьерный 785C №401
719,20.12.2024,ЕТО,0.33,24,Самосвал карьерный 785C №401
720,21.12.2024,ЕТО,0.33,24,Самосвал карьерный 785C №401
721,22.12.2024,ЕТО,0.33,24,Самосвал карьерный 785C №401
722,23.12.2024,ЕТО,0.33,24,Самосвал карьерный 785C №401
723,24.12.2024,ЕТО,0.33,24,Самосвал карьерный 785C №401
724,25.12.2024,ЕТО,0.33,24,Самосвал карьерный 785C №401
725,26.12.2024,ЕТО,0.33,24,Самосвал карьерный 785C №401
726,27.12.2024,ЕТО,0.33,24,Самосвал карьерный 785C №401
727,28.12.2024,ЕТО,0.33,24,Самосвал карьерный 785C №401
728,29.12.2024,ЕТО,0.33,24,Самосвал карьерный 785C №401
729,30.12.2024,ЕТО,0.33,24,Самосвал карьерный 785C №401
730,31.12.2024,ЕТО,0.33,24,Самосвал карьерный 785C №401
731,01.01.2025,ЕТО,0.33,24,Самосвал карьерный 785C №401
732,02.01.2025,ЕТО,0.33,24,Самосвал карьерный 785C №401
733,03.01.2025,ЕТО,0.33,24,Самосвал карьерный 785C №401
734,04.01.2025,ЕТО,0.33,24,Самосвал карьерный 785C №401
735,05.01.2025,ЕТО,0.33,24,Самосвал карьерный 785C №401
736,06.01.2025,ЕТО,0.33,24,Самосвал карьерный 785C №401
737,07.01.2025,ЕТО,0.33,24,Самосвал карьерный 785C №401
738,08.01.2025,ЕТО,0.33,24,Самосвал карьерный 785C №401
739,09.01.2025,ЕТО,0.33,24,Самосвал карьерный 785C №401
740,10.01.2025,ЕТО,0.33,24,Самосвал карьерный 785C №401
741,11.01.2025,ЕТО,0.33,24,Самосвал карьерный 785C №401
742,12.01.2025,ЕТО,0.33,24,Самосвал карьерный 785C №401
743,13.01.2025,ЕТО,0.33,24,Самосвал карьерный 785C №401
744,14.01.2025,ЕТО,0.33,24,Самосвал карьерный 785C №401
745,15.01.2025,ЕТО,0.33,24,Самосвал карьерный 785C №401
746,16.01.2025,ЕТО,0.33,24,Самосвал карьерный 785C №401
747,17.01.2025,ЕТО,0.33,24,Самосвал карьерный 785C №401
748,18.01.2025,ЕТО,0.33,24,Самосвал карьерный 785C №401
749,19.01.2025,ЕТО,0.33,24,Самосвал карьерный 785C №401
750,20.01.2025,ЕТО,0.33,24,Самосвал карьерный 785C №401
751,21.01.2025,ЕТО,0.33,24,Самосвал карьерный 785C №401
752,22.01.2025,ЕТО,0.33,24,Самосвал карьерный 785C №401
753,23.01.2025,ЕТО,0.33,24,Самосвал карьерный 785C №401
754,24.01.2025,ЕТО,0.33,24,Самосвал карьерный 785C №401
755,25.01.2025,ЕТО,0.33,24,Самосвал карьерный 785C №401
756,26.01.2025,ЕТО,0.33,24,Самосвал карьерный 785C №401
757,27.01.2025,ЕТО,0.33,24,Самосвал карьерный 785C №401
758,28.01.2025,ЕТО,0.33,24,Самосвал карьерный 785C №401
759,29.01.2025,ЕТО,0.33,24,Самосвал карьерный 785C №401
760,30.01.2025,ЕТО,0.33,24,Самосвал карьерный 785C №401
761,31.01.2025,ЕТО,0.33,24,Самосвал карьерный 785C №401
762,01.02.2025,ЕТО,0.33,24,Самосвал карьерный 785C №401
763,02.02.2025,ЕТО,0.33,24,Самосвал карьерный 785C №401
764,03.02.2025,ЕТО,0.33,24,Самосвал карьерный 785C №401
765,04.02.2025,ЕТО,0.33,24,Самосвал карьерный 785C №401
766,05.02.2025,ЕТО,0.33,24,Самосвал карьерный 785C №401
767,06.02.2025,ЕТО,0.33,24,Самосвал карьерный 785C №401
768,07.02.2025,ЕТО,0.33,24,Самосвал карьерный 785C №401
769,08.02.2025,ЕТО,0.33,24,Самосвал карьерный 785C №401
770,09.02.2025,ЕТО,0.33,24,Самосвал карьерный 785C №401
771,10.02.2025,ЕТО,0.33,24,Самосвал карьерный 785C №401
772,11.02.2025,ЕТО,0.33,24,Самосвал карьерный 785C №401
773,12.02.2025,ЕТО,0.33,24,Самосвал карьерный 785C №401
774,13.02.2025,ЕТО,0.33,24,Самосвал карьерный 785C №401
775,14.02.2025,ЕТО,0.33,24,Самосвал карьерный 785C №401
776,15.02.2025,ЕТО,0.33,24,Самосвал карьерный 785C №401
777,16.02.2025,ЕТО,0.33,24,Самосвал карьерный 785C №401
778,17.02.2025,ЕТО,0.33,24,Самосвал карьерный 785C №401
779,18.02.2025,ЕТО,0.33,24,Самосвал карьерный 785C №401
780,19.02.2025,ЕТО,0.33,24,Самосвал карьерный 785C №401
781,20.02.2025,ЕТО,0.33,24,Самосвал карьерный 785C №401
782,21.02.2025,ЕТО,0.33,24,Самосвал карьерный 785C №401
783,22.02.2025,ЕТО,0.33,24,Самосвал карьерный 785C №401
784,23.02.2025,ЕТО,0.33,24,Самосвал карьерный 785C №401
785,24.02.2025,ЕТО,0.33,24,Самосвал карьерный 785C №401
786,25.02.2025,ЕТО,0.33,24,Самосвал карьерный 785C №401
787,26.02.2025,ЕТО,0.33,24,Самосвал карьерный 785C №401
788,27.02.2025,ЕТО,0.33,24,Самосвал карьерный 785C №401
789,28.02.2025,ЕТО,0.33,24,Самосвал карьерный 785C №401
790,01.03.2025,ЕТО,0.33,24,Самосвал карьерный 785C №401
791,02.03.2025,ЕТО,0.33,24,Самосвал карьерный 785C №401
792,03.03.2025,ЕТО,0.33,24,Самосвал карьерный 785C №401
793,04.03.2025,ЕТО,0.33,24,Самосвал карьерный 785C №401
794,05.03.2025,ЕТО,0.33,24,Самосвал карьерный 785C №401
795,06.03.2025,ЕТО,0.33,24,Самосвал карьерный 785C №401
796,07.03.2025,ЕТО,0.33,24,Самосвал карьерный 785C №401
797,08.03.2025,ЕТО,0.33,24,Самосвал карьерный 785C №401
798,09.03.2025,ЕТО,0.33,24,Самосвал карьерный 785C №401
799,10.03.2025,ЕТО,0.33,24,Самосвал карьерный 785C №401
800,11.03.2025,ЕТО,0.33,24,Самосвал карьерный 785C №401
801,12.03.2025,ЕТО,0.33,24,Самосвал карьерный 785C №401
802,13.03.2025,ЕТО,0.33,24,Самосвал карьерный 785C №401
803,14.03.2025,ЕТО,0.33,24,Самосвал карьерный 785C №401
804,15.03.2025,ЕТО,0.33,24,Самосвал карьерный 785C №401
805,16.03.2025,ЕТО,0.33,24,Самосвал карьерный 785C №401
806,17.03.2025,ЕТО,0.33,24,Самосвал карьерный 785C №401
807,18.03.2025,ЕТО,0.33,24,Самосвал карьерный 785C №401
808,19.03.2025,ЕТО,0.33,24,Самосвал карьерный 785C №401
809,20.03.2025,ЕТО,0.33,24,Самосвал карьерный 785C №401
810,21.03.2025,ЕТО,0.33,24,Самосвал карьерный 785C №401
811,22.03.2025,ЕТО,0.33,24,Самосвал карьерный 785C №401
812,23.03.2025,ЕТО,0.33,24,Самосвал карьерный 785C №401
813,24.03.2025,ЕТО,0.33,24,Самосвал карьерный 785C №401
814,25.03.2025,ЕТО,0.33,24,Самосвал карьерный 785C №401
815,26.03.2025,ЕТО,0.33,24,Самосвал карьерный 785C №401
816,27.03.2025,ЕТО,0.33,24,Самосвал карьерный 785C №401
817,28.03.2025,ЕТО,0.33,24,Самосвал карьерный 785C №401
818,29.03.2025,ЕТО,0.33,24,Самосвал карьерный 785C №401
819,30.03.2025,ЕТО,0.33,24,Самосвал карьерный 785C №401
820,31.03.2025,ЕТО,0.33,24,Самосвал карьерный 785C №401
821,01.04.2025,ЕТО,0.33,24,Самосвал карьерный 785C №401
822,02.04.2025,ЕТО,0.33,24,Самосвал карьерный 785C №401
823,03.04.2025,ЕТО,0.33,24,Самосвал карьерный 785C №401
824,04.04.2025,ЕТО,0.33,24,Самосвал карьерный 785C №401
825,05.04.2025,ЕТО,0.33,24,Самосвал карьерный 785C №401
826,06.04.2025,ЕТО,0.33,24,Самосвал карьерный 785C №401
827,07.04.2025,ЕТО,0.33,24,Самосвал карьерный 785C №401
828,08.04.2025,ЕТО,0.33,24,Самосвал карьерный 785C №401
829,09.04.2025,ЕТО,0.33,24,Самосвал карьерный 785C №401
830,10.04.2025,ЕТО,0.33,24,Самосвал карьерный 785C №401
831,11.04.2025,ЕТО,0.33,24,Самосвал карьерный 785C №401
832,12.04.2025,ЕТО,0.33,24,Самосвал карьерный 785C №401
833,13.04.2025,ЕТО,0.33,24,Самосвал карьерный 785C №401
834,14.04.2025,ЕТО,0.33,24,Самосвал карьерный 785C №401
835,15.04.2025,ЕТО,0.33,24,Самосвал карьерный 785C №401
836,16.04.2025,ЕТО,0.33,24,Самосвал карьерный 785C №401
837,17.04.2025,ЕТО,0.33,24,Самосвал карьерный 785C №401
838,18.04.2025,ЕТО,0.33,24,Самосвал карьерный 785C №401
839,19.04.2025,ЕТО,0.33,24,Самосвал карьерный 785C №401
840,20.04.2025,ЕТО,0.33,24,Самосвал карьерный 785C №401
841,21.04.2025,ЕТО,0.33,24,Самосвал карьерный 785C №401
842,22.04.2025,ЕТО,0.33,24,Самосвал карьерный 785C №401
843,23.04.2025,ЕТО,0.33,24,Самосвал карьерный 785C №401
844,24.04.2025,ЕТО,0.33,24,Самосвал карьерный 785C №401
845,25.04.2025,ЕТО,0.33,24,Самосвал карьерный 785C №401
846,26.04.2025,ЕТО,0.33,24,Самосвал карьерный 785C №401
847,27.04.2025,ЕТО,0.33,24,Самосвал карьерный 785C №401
848,28.04.2025,ЕТО,0.33,24,Самосвал карьерный 785C №401
849,29.04.2025,ЕТО,0.33,24,Самосвал карьерный 785C №401
850,30.04.2025,ЕТО,0.33,24,Самосвал карьерный 785C №401
851,01.05.2025,ЕТО,0.33,24,Самосвал карьерный 785C №401
852,02.05.2025,ЕТО,0.33,24,Самосвал карьерный 785C №401
853,03.05.2025,ЕТО,0.33,24,Самосвал карьерный 785C №401
854,04.05.2025,ЕТО,0.33,24,Самосвал карьерный 785C №401
855,05.05.2025,ЕТО,0.33,24,Самосвал карьерный 785C №401
856,06.05.2025,ЕТО,0.33,24,Самосвал карьерный 785C №401
857,07.05.2025,ЕТО,0.33,24,Самосвал карьерный 785C №401
858,08.05.2025,ЕТО,0.33,24,Самосвал карьерный 785C №401
859,09.05.2025,ЕТО,0.33,24,Самосвал карьерный 785C №401
860,10.05.2025,ЕТО,0.33,24,Самосвал карьерный 785C №401
861,11.05.2025,ЕТО,0.33,24,Самосвал карьерный 785C №401
862,12.05.2025,ЕТО,0.33,24,Самосвал карьерный 785C №401
863,13.05.2025,ЕТО,0.33,24,Самосвал карьерный 785C №401
864,14.05.2025,ЕТО,0.33,24,Самосвал карьерный 785C №401
865,15.05.2025,ЕТО,0.33,24,Самосвал карьерный 785C №401
866,16.05.2025,ЕТО,0.33,24,Самосвал карьерный 785C №401
867,17.05.2025,ЕТО,0.33,24,Самосвал карьерный 785C №401
868,18.05.2025,ЕТО,0.33,24,Самосвал карьерный 785C №401
869,19.05.2025,ЕТО,0.33,24,Самосвал карьерный 785C №401
870,20.05.2025,ЕТО,0.33,24,Самосвал карьерный 785C №401
871,21.05.2025,ЕТО,0.33,24,Самосвал карьерный 785C №401
872,22.05.2025,ЕТО,0.33,24,Самосвал карьерный 785C №401
873,23.05.2025,ЕТО,0.33,24,Самосвал карьерный 785C №401
874,24.05.2025,ЕТО,0.33,24,Самосвал карьерный 785C №401
875,25.05.2025,ЕТО,0.33,24,Самосвал карьерный 785C №401
876,26.05.2025,ЕТО,0.33,24,Самосвал карьерный 785C №401
877,27.05.2025,ЕТО,0.33,24,Самосвал карьерный 785C №401
878,28.05.2025,ЕТО,0.33,24,Самосвал карьерный 785C №401
879,29.05.2025,ЕТО,0.33,24,Самосвал карьерный 785C №401
880,30.05.2025,ЕТО,0.33,24,Самосвал карьерный 785C №401
881,31.05.2025,ЕТО,0.33,24,Самосвал карьерный 785C №401
882,01.06.2025,ЕТО,0.33,24,Самосвал карьерный 785C №401
883,02.06.2025,ЕТО,0.33,24,Самосвал карьерный 785C №401
884,03.06.2025,ЕТО,0.33,24,Самосвал карьерный 785C №401
885,04.06.2025,ЕТО,0.33,24,Самосвал карьерный 785C №401
886,05.06.2025,ЕТО,0.33,24,Самосвал карьерный 785C №401
887,06.06.2025,ЕТО,0.33,24,Самосвал карьерный 785C №401
888,07.06.2025,ЕТО,0.33,24,Самосвал карьерный 785C №401
889,08.06.2025,ЕТО,0.33,24,Самосвал карьерный 785C №401
890,09.06.2025,ЕТО,0.33,24,Самосвал карьерный 785C №401
891,10.06.2025,ЕТО,0.33,24,Самосвал карьерный 785C №401
892,11.06.2025,ЕТО,0.33,24,Самосвал карьерный 785C №401
893,12.06.2025,ЕТО,0.33,24,Самосвал карьерный 785C №401
894,13.06.2025,ЕТО,0.33,24,Самосвал карьерный 785C №401
895,14.06.2025,ЕТО,0.33,24,Самосвал карьерный 785C №401
896,15.06.2025,ЕТО,0.33,24,Самосвал карьерный 785C №401
897,16.06.2025,ЕТО,0.33,24,Самосвал карьерный 785C №401
898,17.06.2025,ЕТО,0.33,24,Самосвал карьерный 785C №401
899,18.06.2025,ЕТО,0.33,24,Самосвал карьерный 785C №401
900,19.06.2025,ЕТО,0.33,24,Самосвал карьерный 785C №401
901,20.06.2025,ЕТО,0.33,24,Самосвал карьерный 785C №401
902,21.06.2025,ЕТО,0.33,24,Самосвал карьерный 785C №401
903,22.06.2025,ЕТО,0.33,24,Самосвал карьерный 785C №401
904,23.06.2025,ЕТО,0.33,24,Самосвал карьерный 785C №401
905,24.06.2025,ЕТО,0.33,24,Самосвал карьерный 785C №401
906,25.06.2025,ЕТО,0.33,24,Самосвал карьерный 785C №401
907,26.06.2025,ЕТО,0.33,24,Самосвал карьерный 785C №401
908,27.06.2025,ЕТО,0.33,24,Самосвал карьерный 785C №401
909,28.06.2025,ЕТО,0.33,24,Самосвал карьерный 785C №401
910,29.06.2025,ЕТО,0.33,24,Самосвал карьерный 785C №401
911,30.06.2025,ЕТО,0.33,24,Самосвал карьерный 785C №401
912,01.07.2025,ЕТО,0.33,24,Самосвал карьерный 785C №401
913,02.07.2025,ЕТО,0.33,24,Самосвал карьерный 785C №401
914,03.07.2025,ЕТО,0.33,24,Самосвал карьерный 785C №401
915,04.07.2025,ЕТО,0.33,24,Самосвал карьерный 785C №401
916,05.07.2025,ЕТО,0.33,24,Самосвал карьерный 785C №401
917,06.07.2025,ЕТО,0.33,24,Самосвал карьерный 785C №401
918,07.07.2025,ЕТО,0.33,24,Самосвал карьерный 785C №401
919,08.07.2025,ЕТО,0.33,24,Самосвал карьерный 785C №401
920,09.07.2025,ЕТО,0.33,24,Самосвал карьерный 785C №401
921,10.07.2025,ЕТО,0.33,24,Самосвал карьерный 785C №401
922,11.07.2025,ЕТО,0.33,24,Самосвал карьерный 785C №401
923,12.07.2025,ЕТО,0.33,24,Самосвал карьерный 785C №401
924,13.07.2025,ЕТО,0.33,24,Самосвал карьерный 785C №401
925,14.07.2025,ЕТО,0.33,24,Самосвал карьерный 785C №401
926,15.07.2025,ЕТО,0.33,24,Самосвал карьерный 785C №401
927,16.07.2025,ЕТО,0.33,24,Самосвал карьерный 785C №401
928,17.07.2025,ЕТО,0.33,24,Самосвал карьерный 785C №401
929,18.07.2025,ЕТО,0.33,24,Самосвал карьерный 785C №401
930,19.07.2025,ЕТО,0.33,24,Самосвал карьерный 785C №401
931,20.07.2025,ЕТО,0.33,24,Самосвал карьерный 785C №401
932,21.07.2025,ЕТО,0.33,24,Самосвал карьерный 785C №401
933,22.07.2025,ЕТО,0.33,24,Самосвал карьерный 785C №401
934,23.07.2025,ЕТО,0.33,24,Самосвал карьерный 785C №401
935,24.07.2025,ЕТО,0.33,24,Самосвал карьерный 785C №401
936,25.07.2025,ЕТО,0.33,24,Самосвал карьерный 785C №401
937,26.07.2025,ЕТО,0.33,24,Самосвал карьерный 785C №401
938,27.07.2025,ЕТО,0.33,24,Самосвал карьерный 785C №401
939,28.07.2025,ЕТО,0.33,24,Самосвал карьерный 785C №401
940,29.07.2025,ЕТО,0.33,24,Самосвал карьерный 785C №401
941,30.07.2025,ЕТО,0.33,24,Самосвал карьерный 785C №401
942,31.07.2025,ЕТО,0.33,24,Самосвал карьерный 785C №401
943,01.08.2025,ЕТО,0.33,24,Самосвал карьерный 785C №401
944,02.08.2025,ЕТО,0.33,24,Самосвал карьерный 785C №401
945,03.08.2025,ЕТО,0.33,24,Самосвал карьерный 785C №401
946,04.08.2025,ЕТО,0.33,24,Самосвал карьерный 785C №401
947,05.08.2025,ЕТО,0.33,24,Самосвал карьерный 785C №401
948,06.08.2025,ЕТО,0.33,24,Самосвал карьерный 785C №401
949,07.08.2025,ЕТО,0.33,24,Самосвал карьерный 785C №401
950,08.08.2025,ЕТО,0.33,24,Самосвал карьерный 785C №401
951,09.08.2025,ЕТО,0.33,24,Самосвал карьерный 785C №401
952,10.08.2025,ЕТО,0.33,24,Самосвал карьерный 785C №401
953,11.08.2025,ЕТО,0.33,24,Самосвал карьерный 785C №401
954,12.08.2025,ЕТО,0.33,24,Самосвал карьерный 785C №401
955,13.08.2025,ЕТО,0.33,24,Самосвал карьерный 785C №401
956,14.08.2025,ЕТО,0.33,24,Самосвал карьерный 785C №401
957,15.08.2025,ЕТО,0.33,24,Самосвал карьерный 785C №401
958,16.08.2025,ЕТО,0.33,24,Самосвал карьерный 785C №401
959,17.08.2025,ЕТО,0.33,24,Самосвал карьерный 785C №401
960,18.08.2025,ЕТО,0.33,24,Самосвал карьерный 785C №401
961,19.08.2025,ЕТО,0.33,24,Самосвал карьерный 785C №401
962,20.08.2025,ЕТО,0.33,24,Самосвал карьерный 785C №401
963,21.08.2025,ЕТО,0.33,24,Самосвал карьерный 785C №401
964,22.08.2025,ЕТО,0.33,24,Самосвал карьерный 785C №401
965,23.08.2025,ЕТО,0.33,24,Самосвал карьерный 785C №401
966,24.08.2025,ЕТО,0.33,24,Самосвал карьерный 785C №401
967,25.08.2025,ЕТО,0.33,24,Самосвал карьерный 785C №401
968,26.08.2025,ЕТО,0.33,24,Самосвал карьерный 785C №401
969,27.08.2025,ЕТО,0.33,24,Самосвал карьерный 785C №401
970,28.08.2025,ЕТО,0.33,24,Самосвал карьерный 785C №401
971,29.08.2025,ЕТО,0.33,24,Самосвал карьерный 785C №401
972,30.08.2025,ЕТО,0.33,24,Самосвал карьерный 785C №401
973,31.08.2025,ЕТО,0.33,24,Самосвал карьерный 785C №401
974,01.09.2025,ЕТО,0.33,24,Самосвал карьерный 785C №401
975,02.09.2025,ЕТО,0.33,24,Самосвал карьерный 785C №401
976,03.09.2025,ЕТО,0.33,24,Самосвал карьерный 785C №401
977,04.09.2025,ЕТО,0.33,24,Самосвал карьерный 785C №401
978,05.09.2025,ЕТО,0.33,24,Самосвал карьерный 785C №401
979,06.09.2025,ЕТО,0.33,24,Самосвал карьерный 785C №401
980,07.09.2025,ЕТО,0.33,24,Самосвал карьерный 785C №401
981,08.09.2025,ЕТО,0.33,24,Самосвал карьерный 785C №401
982,09.09.2025,ЕТО,0.33,24,Самосвал карьерный 785C №401
983,10.09.2025,ЕТО,0.33,24,Самосвал карьерный 785C №401
984,11.09.2025,ЕТО,0.33,24,Самосвал карьерный 785C №401
985,12.09.2025,ЕТО,0.33,24,Самосвал карьерный 785C №401
986,13.09.2025,ЕТО,0.33,24,Самосвал карьерный 785C №401
987,14.09.2025,ЕТО,0.33,24,Самосвал карьерный 785C №401
988,15.09.2025,ЕТО,0.33,24,Самосвал карьерный 785C №401
989,16.09.2025,ЕТО,0.33,24,Самосвал карьерный 785C №401
990,17.09.2025,ЕТО,0.33,24,Самосвал карьерный 785C №401
991,18.09.2025,ЕТО,0.33,24,Самосвал карьерный 785C №401
992,19.09.2025,ЕТО,0.33,24,Самосвал карьерный 785C №401
993,20.09.2025,ЕТО,0.33,24,Самосвал карьерный 785C №401
994,21.09.2025,ЕТО,0.33,24,Самосвал карьерный 785C №401
995,22.09.2025,ЕТО,0.33,24,Самосвал карьерный 785C №401
996,23.09.2025,ЕТО,0.33,24,Самосвал карьерный 785C №401
997,24.09.2025,ЕТО,0.33,24,Самосвал карьерный 785C №401
998,25.09.2025,ЕТО,0.33,24,Самосвал карьерный 785C №401
999,26.09.2025,ЕТО,0.33,24,Самосвал карьерный 785C №401
1000,27.09.2025,ЕТО,0.33,24,Самосвал карьерный 785C №401
1001,28.09.2025,ЕТО,0.33,24,Самосвал карьерный 785C №401
1002,29.09.2025,ЕТО,0.33,24,Самосвал карьерный 785C №401
1003,30.09.2025,ЕТО,0.33,24,Самосвал карьерный 785C №401
1004,01.10.2025,ЕТО,0.33,24,Самосвал карьерный 785C №401
1005,02.10.2025,ЕТО,0.33,24,Самосвал карьерный 785C №401
1006,03.10.2025,ЕТО,0.33,24,Самосвал карьерный 785C №401
1007,04.10.2025,ЕТО,0.33,24,Самосвал карьерный 785C №401
1008,05.10.2025,ЕТО,0.33,24,Самосвал карьерный 785C №401
1009,06.10.2025,ЕТО,0.33,24,Самосвал карьерный 785C №401
1010,07.10.2025,ЕТО,0.33,24,Самосвал карьерный 785C №401
1011,08.10.2025,ЕТО,0.33,24,Самосвал карьерный 785C №401
1012,09.10.2025,ЕТО,0.33,24,Самосвал карьерный 785C №401
1013,10.10.2025,ЕТО,0.33,24,Самосвал карьерный 785C №401
1014,11.10.2025,ЕТО,0.33,24,Самосвал карьерный 785C №401
1015,12.10.2025,ЕТО,0.33,24,Самосвал карьерный 785C №401
1016,13.10.2025,ЕТО,0.33,24,Самосвал карьерный 785C №401
1017,14.10.2025,ЕТО,0.33,24,Самосвал карьерный 785C №401
1018,15.10.2025,ЕТО,0.33,24,Самосвал карьерный 785C №401
1019,16.10.2025,ЕТО,0.33,24,Самосвал карьерный 785C №401
1020,17.10.2025,ЕТО,0.33,24,Самосвал карьерный 785C №401
1021,18.10.2025,ЕТО,0.33,24,Самосвал карьерный 785C №401
1022,19.10.2025,ЕТО,0.33,24,Самосвал карьерный 785C №401
1023,20.10.2025,ЕТО,0.33,24,Самосвал карьерный 785C №401
1024,21.10.2025,ЕТО,0.33,24,Самосвал карьерный 785C №401
1025,22.10.2025,ЕТО,0.33,24,Самосвал карьерный 785C №401
1026,23.10.2025,ЕТО,0.33,24,Самосвал карьерный 785C №401
1027,24.10.2025,ЕТО,0.33,24,Самосвал карьерный 785C №401
1028,25.10.2025,ЕТО,0.33,24,Самосвал карьерный 785C №401
1029,26.10.2025,ЕТО,0.33,24,Самосвал карьерный 785C №401
1030,27.10.2025,ЕТО,0.33,24,Самосвал карьерный 785C №401
1031,28.10.2025,ЕТО,0.33,24,Самосвал карьерный 785C №401
1032,29.10.2025,ЕТО,0.33,24,Самосвал карьерный 785C №401
1033,30.10.2025,ЕТО,0.33,24,Самосвал карьерный 785C №401
1034,31.10.2025,ЕТО,0.33,24,Самосвал карьерный 785C №401
1035,01.11.2025,ЕТО,0.33,24,Самосвал карьерный 785C №401
1036,02.11.2025,ЕТО,0.33,24,Самосвал карьерный 785C №401
1037,03.11.2025,ЕТО,0.33,24,Самосвал карьерный 785C №401
1038,04.11.2025,ЕТО,0.33,24,Самосвал карьерный 785C №401
1039,05.11.2025,ЕТО,0.33,24,Самосвал карьерный 785C №401
1040,06.11.2025,ЕТО,0.33,24,Самосвал карьерный 785C №401
1041,07.11.2025,ЕТО,0.33,24,Самосвал карьерный 785C №401
1042,08.11.2025,ЕТО,0.33,24,Самосвал карьерный 785C №401
1043,09.11.2025,ЕТО,0.33,24,Самосвал карьерный 785C №401
1044,10.11.2025,ЕТО,0.33,24,Самосвал карьерный 785C №401
1045,11.11.2025,ЕТО,0.33,24,Самосвал карьерный 785C №401
1046,12.11.2025,ЕТО,0.33,24,Самосвал карьерный 785C №401
1047,13.11.2025,ЕТО,0.33,24,Самосвал карьерный 785C №401
1048,14.11.2025,ЕТО,0.33,24,Самосвал карьерный 785C №401
1049,15.11.2025,ЕТО,0.33,24,Самосвал карьерный 785C №401
1050,16.11.2025,ЕТО,0.33,24,Самосвал карьерный 785C №401
1051,17.11.2025,ЕТО,0.33,24,Самосвал карьерный 785C №401
1052,18.11.2025,ЕТО,0.33,24,Самосвал карьерный 785C №401
1053,19.11.2025,ЕТО,0.33,24,Самосвал карьерный 785C №401
1054,20.11.2025,ЕТО,0.33,24,Самосвал карьерный 785C №401
1055,21.11.2025,ЕТО,0.33,24,Самосвал карьерный 785C №401
1056,22.11.2025,ЕТО,0.33,24,Самосвал карьерный 785C №401
1057,23.11.2025,ЕТО,0.33,24,Самосвал карьерный 785C №401
1058,24.11.2025,ЕТО,0.33,24,Самосвал карьерный 785C №401
1059,25.11.2025,ЕТО,0.33,24,Самосвал карьерный 785C №401
1060,26.11.2025,ЕТО,0.33,24,Самосвал карьерный 785C №401
1061,27.11.2025,ЕТО,0.33,24,Самосвал карьерный 785C №401
1062,28.11.2025,ЕТО,0.33,24,Самосвал карьерный 785C №401
1063,29.11.2025,ЕТО,0.33,24,Самосвал карьерный 785C №401
1064,30.11.2025,ЕТО,0.33,24,Самосвал карьерный 785C №401
1065,01.12.2025,ЕТО,0.33,24,Самосвал карьерный 785C №401
1066,02.12.2025,ЕТО,0.33,24,Самосвал карьерный 785C №401
1067,03.12.2025,ЕТО,0.33,24,Самосвал карьерный 785C №401
1068,04.12.2025,ЕТО,0.33,24,Самосвал карьерный 785C №401
1069,05.12.2025,ЕТО,0.33,24,Самосвал карьерный 785C №401
1070,06.12.2025,ЕТО,0.33,24,Самосвал карьерный 785C №401
1071,07.12.2025,ЕТО,0.33,24,Самосвал карьерный 785C №401
1072,08.12.2025,ЕТО,0.33,24,Самосвал карьерный 785C №401
1073,09.12.2025,ЕТО,0.33,24,Самосвал карьерный 785C №401
1074,10.12.2025,ЕТО,0.33,24,Самосвал карьерный 785C №401
1075,11.12.2025,ЕТО,0.33,24,Самосвал карьерный 785C №401
1076,12.12.2025,ЕТО,0.33,24,Самосвал карьерный 785C №401
1077,13.12.2025,ЕТО,0.33,24,Самосвал карьерный 785C №401
1078,14.12.2025,ЕТО,0.33,24,Самосвал карьерный 785C №401
1079,15.12.2025,ЕТО,0.33,24,Самосвал карьерный 785C №401
1080,16.12.2025,ЕТО,0.33,24,Самосвал карьерный 785C №401
1081,17.12.2025,ЕТО,0.33,24,Самосвал карьерный 785C №401
1082,18.12.2025,ЕТО,0.33,24,Самосвал карьерный 785C №401
1083,19.12.2025,ЕТО,0.33,24,Самосвал карьерный 785C №401
1084,20.12.2025,ЕТО,0.33,24,Самосвал карьерный 785C №401
1085,21.12.2025,ЕТО,0.33,24,Самосвал карьерный 785C №401
1086,22.12.2025,ЕТО,0.33,24,Самосвал карьерный 785C №401
1087,23.12.2025,ЕТО,0.33,24,Самосвал карьерный 785C №401
1088,24.12.2025,ЕТО,0.33,24,Самосвал карьерный 785C №401
1089,25.12.2025,ЕТО,0.33,24,Самосвал карьерный 785C №401
1090,26.12.2025,ЕТО,0.33,24,Самосвал карьерный 785C №401
1091,27.12.2025,ЕТО,0.33,24,Самосвал карьерный 785C №401
1092,28.12.2025,ЕТО,0.33,24,Самосвал карьерный 785C №401
1093,29.12.2025,ЕТО,0.33,24,Самосвал карьерный 785C №401
1094,30.12.2025,ЕТО,0.33,24,Самосвал карьерный 785C №401
1095,31.12.2025,ЕТО,0.33,24,Самосвал карьерный 785C №401
1096,22.01.2023,ТО-500,4.5,500,Самосвал карьерный 785C №401
1097,07.03.2023,ТО-500,4.5,500,Самосвал карьерный 785C №401
1098,21.04.2023,ТО-500,4.5,500,Самосвал карьерный 785C №401
1099,04.06.2023,ТО-500,4.5,500,Самосвал карьерный 785C №401
1100,19.07.2023,ТО-500,4.5,500,Самосвал карьерный 785C №401
1101,01.09.2023,ТО-500,4.5,500,Самосвал карьерный 785C №401
1102,16.10.2023,ТО-500,4.5,500,Самосвал карьерный 785C №401
1103,29.11.2023,ТО-500,4.5,500,Самосвал карьерный 785C №401
1104,12.01.2024,ТО-500,4.5,500,Самосвал карьерный 785C №401
1105,26.02.2024,ТО-500,4.5,500,Самосвал карьерный 785C №401
1106,10.04.2024,ТО-500,4.5,500,Самосвал карьерный 785C №401
1107,25.05.2024,ТО-500,4.5,500,Самосвал карьерный 785C №401
1108,08.07.2024,ТО-500,4.5,500,Самосвал карьерный 785C №401
1109,22.08.2024,ТО-500,4.5,500,Самосвал карьерный 785C №401
1110,05.10.2024,ТО-500,4.5,500,Самосвал карьерный 785C №401
1111,19.11.2024,ТО-500,4.5,500,Самосвал карьерный 785C №401
1112,02.01.2025,ТО-500,4.5,500,Самосвал карьерный 785C №401
1113,15.02.2025,ТО-500,4.5,500,Самосвал карьерный 785C №401
1114,01.04.2025,ТО-500,4.5,500,Самосвал карьерный 785C №401
1115,15.05.2025,ТО-500,4.5,500,Самосвал карьерный 785C №401
1116,29.06.2025,ТО-500,4.5,500,Самосвал карьерный 785C №401
1117,12.08.2025,ТО-500,4.5,500,Самосвал карьерный 785C №401
1118,26.09.2025,ТО-500,4.5,500,Самосвал карьерный 785C №401
1119,09.11.2025,ТО-500,4.5,500,Самосвал карьерный 785C №401
1120,24.12.2025,ТО-500,4.5,500,Самосвал карьерный 785C №401
1121,13.02.2023,ТО-1000,5.9,1000,Самосвал карьерный 785C №401
1122,13.05.2023,ТО-1000,5.9,1000,Самосвал карьерный 785C №401
1123,10.08.2023,ТО-1000,5.9,1000,Самосвал карьерный 785C №401
1124,07.11.2023,ТО-1000,5.9,1000,Самосвал карьерный 785C №401
1125,04.02.2024,ТО-1000,5.9,1000,Самосвал карьерный 785C №401
1126,03.05.2024,ТО-1000,5.9,1000,Самосвал карьерный 785C №401
1127,30.07.2024,ТО-1000,5.9,1000,Самосвал карьерный 785C №401
1128,27.10.2024,ТО-1000,5.9,1000,Самосвал карьерный 785C №401
1129,24.01.2025,ТО-1000,5.9,1000,Самосвал карьерный 785C №401
1130,23.04.2025,ТО-1000,5.9,1000,Самосвал карьерный 785C №401
1131,21.07.2025,ТО-1000,5.9,1000,Самосвал карьерный 785C №401
1132,18.10.2025,ТО-1000,5.9,1000,Самосвал карьерный 785C №401
1133,30.03.2023,ТО-2000,6.7,2000,Самосвал карьерный 785C №401
1134,19.03.2024,ТО-2000,6.7,2000,Самосвал карьерный 785C №401
1135,13.09.2024,ТО-2000,6.7,2000,Самосвал карьерный 785C №401
1136,04.09.2025,ТО-2000,6.7,2000,Самосвал карьерный 785C №401
1137,27.06.2023,ТО-4000,12.3,4000,Самосвал карьерный 785C №401
1138,22.12.2023,ТО-4000,12.3,4000,Самосвал карьерный 785C №401
1139,11.12.2024,ТО-4000,12.3,4000,Самосвал карьерный 785C №401
1140,07.06.2025,ТО-4000,12.3,4000,Самосвал карьерный 785C №401
1141,11.01.2023,ТР,14.0,250,Самосвал карьерный 785C №401
1142,23.01.2023,ТР,14.0,250,Самосвал карьерный 785C №401
1143,04.02.2023,ТР,14.0,250,Самосвал карьерный 785C №401
1144,15.02.2023,ТР,14.0,250,Самосвал карьерный 785C №401
1145,27.02.2023,ТР,14.0,250,Самосвал карьерный 785C №401
1146,11.03.2023,ТР,14.0,250,Самосвал карьерный 785C №401
1147,22.03.2023,ТР,14.0,250,Самосвал карьерный 785C №401
1148,03.04.2023,ТР,14.0,250,Самосвал карьерный 785C №401
1149,15.04.2023,ТР,14.0,250,Самосвал карьерный 785C №401
1150,26.04.2023,ТР,14.0,250,Самосвал карьерный 785C №401
1151,08.05.2023,ТР,14.0,250,Самосвал карьерный 785C №401
1152,20.05.2023,ТР,14.0,250,Самосвал карьерный 785C №401
1153,31.05.2023,ТР,14.0,250,Самосвал карьерный 785C №401
1154,12.06.2023,ТР,14.0,250,Самосвал карьерный 785C №401
1155,24.06.2023,ТР,14.0,250,Самосвал карьерный 785C №401
1156,06.07.2023,ТР,14.0,250,Самосвал карьерный 785C №401
1157,17.07.2023,ТР,14.0,250,Самосвал карьерный 785C №401
1158,29.07.2023,ТР,14.0,250,Самосвал карьерный 785C №401
1159,10.08.2023,ТР,14.0,250,Самосвал карьерный 785C №401
1160,21.08.2023,ТР,14.0,250,Самосвал карьерный 785C №401
1161,02.09.2023,ТР,14.0,250,Самосвал карьерный 785C №401
1162,14.09.2023,ТР,14.0,250,Самосвал карьерный 785C №401
1163,25.09.2023,ТР,14.0,250,Самосвал карьерный 785C №401
1164,07.10.2023,ТР,14.0,250,Самосвал карьерный 785C №401
1165,19.10.2023,ТР,14.0,250,Самосвал карьерный 785C №401
1166,30.10.2023,ТР,14.0,250,Самосвал карьерный 785C №401
1167,11.11.2023,ТР,14.0,250,Самосвал карьерный 785C №401
1168,23.11.2023,ТР,14.0,250,Самосвал карьерный 785C №401
1169,04.12.2023,ТР,14.0,250,Самосвал карьерный 785C №401
1170,16.12.2023,ТР,14.0,250,Самосвал карьерный 785C №401
1171,28.12.2023,ТР,14.0,250,Самосвал карьерный 785C №401
1172,09.01.2024,ТР,14.0,250,Самосвал карьерный 785C №401
1173,20.01.2024,ТР,14.0,250,Самосвал карьерный 785C №401
1174,01.02.2024,ТР,14.0,250,Самосвал карьерный 785C №401
1175,13.02.2024,ТР,14.0,250,Самосвал карьерный 785C №401
1176,24.02.2024,ТР,14.0,250,Самосвал карьерный 785C №401
1177,07.03.2024,ТР,14.0,250,Самосвал карьерный 785C №401
1178,19.03.2024,ТР,14.0,250,Самосвал карьерный 785C №401
1179,30.03.2024,ТР,14.0,250,Самосвал карьерный 785C №401
1180,11.04.2024,ТР,14.0,250,Самосвал карьерный 785C №401
1181,23.04.2024,ТР,14.0,250,Самосвал карьерный 785C №401
1182,04.05.2024,ТР,14.0,250,Самосвал карьерный 785C №401
1183,16.05.2024,ТР,14.0,250,Самосвал карьерный 785C №401
1184,28.05.2024,ТР,14.0,250,Самосвал карьерный 785C №401
1185,08.06.2024,ТР,14.0,250,Самосвал карьерный 785C №401
1186,20.06.2024,ТР,14.0,250,Самосвал карьерный 785C №401
1187,02.07.2024,ТР,14.0,250,Самосвал карьерный 785C №401
1188,14.07.2024,ТР,14.0,250,Самосвал карьерный 785C №401
1189,25.07.2024,ТР,14.0,250,Самосвал карьерный 785C №401
1190,06.08.2024,ТР,14.0,250,Самосвал карьерный 785C №401
1191,18.08.2024,ТР,14.0,250,Самосвал карьерный 785C №401
1192,29.08.2024,ТР,14.0,250,Самосвал карьерный 785C №401
1193,10.09.2024,ТР,14.0,250,Самосвал карьерный 785C №401
1194,22.09.2024,ТР,14.0,250,Самосвал карьерный 785C №401
1195,03.10.2024,ТР,14.0,250,Самосвал карьерный 785C №401
1196,15.10.2024,ТР,14.0,250,Самосвал карьерный 785C №401
1197,27.10.2024,ТР,14.0,250,Самосвал карьерный 785C №401
1198,07.11.2024,ТР,14.0,250,Самосвал карьерный 785C №401
1199,19.11.2024,ТР,14.0,250,Самосвал карьерный 785C №401
1200,01.12.2024,ТР,14.0,250,Самосвал карьерный 785C №401
1201,12.12.2024,ТР,14.0,250,Самосвал карьерный 785C №401
1202,24.12.2024,ТР,14.0,250,Самосвал карьерный 785C №401
1203,05.01.2025,ТР,14.0,250,Самосвал карьерный 785C №401
1204,17.01.2025,ТР,14.0,250,Самосвал карьерный 785C №401
1205,28.01.2025,ТР,14.0,250,Самосвал карьерный 785C №401
1206,09.02.2025,ТР,14.0,250,Самосвал карьерный 785C №401
1207,21.02.2025,ТР,14.0,250,Самосвал карьерный 785C №401
1208,04.03.2025,ТР,14.0,250,Самосвал карьерный 785C №401
1209,16.03.2025,ТР,14.0,250,Самосвал карьерный 785C №401
1210,28.03.2025,ТР,14.0,250,Самосвал карьерный 785C №401
1211,08.04.2025,ТР,14.0,250,Самосвал карьерный 785C №401
1212,20.04.2025,ТР,14.0,250,Самосвал карьерный 785C №401
1213,02.05.2025,ТР,14.0,250,Самосвал карьерный 785C №401
1214,13.05.2025,ТР,14.0,250,Самосвал карьерный 785C №401
1215,25.05.2025,ТР,14.0,250,Самосвал карьерный 785C №401
1216,06.06.2025,ТР,14.0,250,Самосвал карьерный 785C №401
1217,17.06.2025,ТР,14.0,250,Самосвал карьерный 785C №401
1218,29.06.2025,ТР,14.0,250,Самосвал карьерный 785C №401
1219,11.07.2025,ТР,14.0,250,Самосвал карьерный 785C №401
1220,23.07.2025,ТР,14.0,250,Самосвал карьерный 785C №401
1221,03.08.2025,ТР,14.0,250,Самосвал карьерный 785C №401
1222,15.08.2025,ТР,14.0,250,Самосвал карьерный 785C №401
1223,27.08.2025,ТР,14.0,250,Самосвал карьерный 785C №401
1224,07.09.2025,ТР,14.0,250,Самосвал карьерный 785C №401
1225,19.09.2025,ТР,14.0,250,Самосвал карьерный 785C №401
1226,01.10.2025,ТР,14.0,250,Самосвал карьерный 785C №401
1227,12.10.2025,ТР,14.0,250,Самосвал карьерный 785C №401
1228,24.10.2025,ТР,14.0,250,Самосвал карьерный 785C №401
1229,05.11.2025,ТР,14.0,250,Самосвал карьерный 785C №401
1230,16.11.2025,ТР,14.0,250,Самосвал карьерный 785C №401
1231,28.11.2025,ТР,14.0,250,Самосвал карьерный 785C №401
1232,10.12.2025,ТР,14.0,250,Самосвал карьерный 785C №401
1233,21.12.2025,ТР,14.0,250,Самосвал карьерный 785C №401
